{"type":"FeatureCollection","features":[{"type":"Feature","id":0,"geometry":{"type":"MultiPolygon","coordinates":[[[[-74.137974571999962,4.6066564100000278],[-74.138284260999967,4.6073534060000725],[-74.138919710999971,4.6085010400000215],[-74.139314525999964,4.6092524070000422],[-74.140041434999944,4.610345652000035],[-74.14043413099995,4.6109961100000305],[-74.141333527999961,4.6121902470000578],[-74.141620887999977,4.6126230880000207],[-74.142836873999954,4.614034820000029],[-74.142890201999933,4.6141065590000494],[-74.143102824999971,4.6143325530000538],[-74.144209515999989,4.6155031180000492],[-74.14466714699995,4.6158793590000755],[-74.145594267999968,4.6167859270000235],[-74.146821616999944,4.6177238610000586],[-74.147054459999936,4.6179375980000259],[-74.147473595999941,4.6182384380000485],[-74.148578640999972,4.6189780370000335],[-74.149895141999934,4.6195682630000761],[-74.150245193999979,4.6197709820000341],[-74.15053054599997,4.6198613630000409],[-74.152070214999981,4.6202884500000323],[-74.153051829999981,4.6205535020000639],[-74.153958264999972,4.6206963450000558],[-74.155299252999953,4.620769780000046],[-74.156073340999967,4.6207095720000666],[-74.157278127999973,4.6205194380000307],[-74.158560334999947,4.6200762350000559],[-74.159039753999934,4.6198916190000432],[-74.15974314999994,4.6195671890000654],[-74.160732252999935,4.619143690000044],[-74.161486252999964,4.6186798330000443],[-74.162307798999962,4.6181925590000219],[-74.162882470999989,4.6177221100000452],[-74.163762934999966,4.6170322170000304],[-74.164850615999967,4.6158771620000607],[-74.165083384999946,4.6156378630000745],[-74.166266618999941,4.6140322770000353],[-74.166275422999945,4.6140204030000405],[-74.167316999999969,4.6121874360000561],[-74.167329865999989,4.6121638770000573],[-74.168135813999982,4.6103426240000545],[-74.16824571099994,4.6100665460000414],[-74.168756804999987,4.608497835000037],[-74.168977999999981,4.6076502960000312],[-74.169196721999981,4.6066530690000604],[-74.169445590999942,4.6048425340000563],[-74.169451639999977,4.6048083280000469],[-74.169453302999955,4.6047875380000391],[-74.169578606999949,4.6029636020000453],[-74.169505494999953,4.6011896280000428],[-74.169502908999959,4.6011189030000423],[-74.169494446999977,4.6010673530000759],[-74.169297657999948,4.5992742210000301],[-74.169033733999981,4.5981780860000754],[-74.168885601999989,4.5974295640000378],[-74.168318624999984,4.5957311060000734],[-74.168276340999967,4.5955849320000652],[-74.167851306999978,4.5946268290000489],[-74.167468620999955,4.5937403250000557],[-74.167404371999964,4.5936303570000518],[-74.166418699999952,4.5918957480000699],[-74.166341147999958,4.5917886080000585],[-74.16575525199994,4.5909848310000712],[-74.165162586999941,4.5901473890000375],[-74.165093634999948,4.5900512010000512],[-74.163909932999957,4.5886349890000702],[-74.163519994999945,4.5882066820000205],[-74.16256608599997,4.5872811400000728],[-74.161545340999965,4.5863622080000255],[-74.161162672999978,4.5860308520000217],[-74.160462041999949,4.5854761020000296],[-74.159715093999978,4.5848573560000432],[-74.159225145999983,4.5845177670000226],[-74.158201064999957,4.5837993890000348],[-74.15697884399998,4.5831123360000561],[-74.156599333999964,4.5828938970000763],[-74.15606226899996,4.5826734110000302],[-74.154911093999942,4.5821388080000247],[-74.154162916999951,4.581907999000066],[-74.15309659199994,4.581603226000027],[-74.15175211899998,4.5814076130000672],[-74.151120711999965,4.5813481960000217],[-74.149610429999939,4.5813748360000659],[-74.148941656999966,4.5814463810000348],[-74.147663675999979,4.5816807910000534],[-74.146467622999978,4.5820573680000507],[-74.145878259999961,4.5822670970000559],[-74.145104210999989,4.5826745310000661],[-74.144219370999963,4.5830732720000356],[-74.14348309099995,4.5835558120000428],[-74.142674686999953,4.5840779030000363],[-74.142166946999964,4.5845195140000214],[-74.141236336999953,4.5852673170000458],[-74.140180404999967,4.586364402000072],[-74.139903297999979,4.5866397350000625],[-74.13869585599997,4.5882092420000617],[-74.138689044999978,4.5882185800000457],[-74.138381636999952,4.5887343020000344],[-74.13760713399995,4.590027401000043],[-74.137593150999976,4.5900540470000237],[-74.137513431999935,4.5902435880000212],[-74.13678751499998,4.5918988260000333],[-74.136708473999988,4.5921546730000387],[-74.136209548999943,4.593743585000027],[-74.136040953999952,4.5946836070000359],[-74.135875999999939,4.5955883230000723],[-74.135825626999974,4.5968675850000409],[-74.13578701299997,4.5974330400000554],[-74.135826906999966,4.5980005530000199],[-74.135870423999961,4.5992777450000517],[-74.13601142899995,4.6002345390000414],[-74.136145101999944,4.6011224330000573],[-74.136586852999983,4.6029241930000353],[-74.136598954999954,4.602967106000051],[-74.136654588999988,4.6031277140000384],[-74.137200156999938,4.6048117660000685],[-74.137363817999983,4.6052635030000602],[-74.137974571999962,4.6066564100000278]],[[-74.149189638999985,4.5883953920000522],[-74.14940222499996,4.5883906060000754],[-74.15123717299997,4.5885258890000387],[-74.151686186999939,4.5886705660000757],[-74.153033966999942,4.5890922890000638],[-74.154591935999974,4.5900309510000739],[-74.154610720999983,4.5900412260000394],[-74.154624308999985,4.5900524090000658],[-74.156017648999978,4.5912854090000224],[-74.156538532999946,4.5918969110000489],[-74.157210755999984,4.5929013240000245],[-74.157702373999939,4.5937414910000598],[-74.158144128999936,4.5949687940000672],[-74.158375070999966,4.595586125000068],[-74.158588169999973,4.5969748260000642],[-74.15866306199996,4.5974308020000763],[-74.158632431999933,4.597810025000058],[-74.158606530999975,4.5992755190000594],[-74.158386151999935,4.6003124990000401],[-74.158144849999985,4.6011202810000214],[-74.157520516999966,4.6024970920000214],[-74.15720040399998,4.6029650960000481],[-74.156326541999988,4.6041111760000604],[-74.155443853999941,4.6048100010000326],[-74.154876399999978,4.6052801550000595],[-74.154159317999984,4.6055864070000325],[-74.153192316999935,4.6060426480000274],[-74.151628479999943,4.6062960250000629],[-74.151245864999964,4.6063492500000507],[-74.149557967999954,4.6062053890000243],[-74.148973307999938,4.6060892040000567],[-74.147703522999961,4.6057391330000428],[-74.146222214999966,4.6049976300000708],[-74.146062025999981,4.6049026840000238],[-74.145961699999987,4.6048109760000671],[-74.144606193999948,4.6037434790000589],[-74.143977509999957,4.6029664550000575],[-74.143347481999967,4.6022416080000426],[-74.142718517999981,4.6011218610000242],[-74.142333095999959,4.6003150070000629],[-74.141977784999938,4.5992772180000543],[-74.141696295999964,4.5977320210000698],[-74.14165270999996,4.5974325360000421],[-74.141671373999941,4.5970898300000727],[-74.141676343999961,4.5955878240000629],[-74.14205749499996,4.5940719410000384],[-74.142150245999972,4.5937430710000626],[-74.14300583499994,4.5920310150000319],[-74.143101585999943,4.5918982730000266],[-74.144259757999976,4.5905211040000609],[-74.144911993999983,4.590053393000062],[-74.145743016999972,4.5894097130000659],[-74.14672976099996,4.5889817280000216],[-74.14745136199997,4.5886894510000502],[-74.149189638999985,4.5883953920000522]]],[[[-74.159218763999945,4.6625430190000543],[-74.15929694099998,4.6619955150000578],[-74.159191319999934,4.6607304280000221],[-74.159174518999976,4.6601508230000377],[-74.159100044999946,4.6597296480000523],[-74.158628789999966,4.6583061800000678],[-74.158282446999976,4.6574607690000676],[-74.15759768199996,4.6564615920000278],[-74.157135769999968,4.6557639530000756],[-74.155697617999977,4.6546170980000738],[-74.155681168999934,4.654602422000039],[-74.155659294999964,4.6545937680000407],[-74.153944815999978,4.6539306730000476],[-74.153136168999936,4.6538986550000345],[-74.151815714999941,4.6539416510000251],[-74.151141697999947,4.6541220520000479],[-74.150021266999943,4.6546177060000673],[-74.149425158999975,4.6548283510000488],[-74.149054167999964,4.6550520050000728],[-74.147901039999965,4.6558689790000471],[-74.147379823999984,4.6564626810000505],[-74.14654752499996,4.6572060370000372],[-74.14582640499998,4.6583075410000561],[-74.145379093999964,4.6588646840000365],[-74.144825478999962,4.6601523440000392],[-74.144450536999955,4.6609401210000669],[-74.144217482999977,4.6619971090000263],[-74.143995392999955,4.6638381190000473],[-74.143995418999964,4.6638418370000636],[-74.143996016999949,4.6638444720000507],[-74.144134387999941,4.6656865310000626],[-74.144530134999968,4.6666060610000386],[-74.144735630999946,4.6675311810000721],[-74.145511521999936,4.6685901930000568],[-74.146119308999971,4.6693757530000539],[-74.146836830999973,4.6699765100000263],[-74.147765528999969,4.6703886390000662],[-74.148552544999973,4.6706842080000683],[-74.150206394999941,4.6709407520000354],[-74.150594904999934,4.670824107000044],[-74.152189494999959,4.6706975190000435],[-74.153021824999939,4.6702955280000538],[-74.153946134999956,4.6700608230000284],[-74.155158496999945,4.6693748110000683],[-74.155510833999983,4.6690906490000543],[-74.156246627999963,4.6683799670000212],[-74.156904710999981,4.66782369200007],[-74.157201831999942,4.6675298760000601],[-74.158068321999963,4.6661566750000247],[-74.15838163799998,4.6656850350000241],[-74.158954416999961,4.6640075030000503],[-74.158963621999987,4.6639857040000265],[-74.158519919999947,4.6636476710000352],[-74.158519940999952,4.6636472880000497],[-74.158516849999955,4.6636449330000573],[-74.158516989999953,4.6636429550000571],[-74.158522970999968,4.6635382240000354],[-74.158527613999979,4.6634557380000388],[-74.158527332999938,4.6634537600000385],[-74.158473974999936,4.6631064480000646],[-74.158473974999936,4.6631045410000524],[-74.158477347999963,4.6627856160000647],[-74.158568081999988,4.6627370250000695],[-74.158569128999943,4.6627364640000337],[-74.158699971999965,4.662666406000028],[-74.158786473999953,4.6626201480000304],[-74.158813219999956,4.6626058110000486],[-74.159125160999963,4.6625298170000633],[-74.15912684999995,4.6625293930000566],[-74.159129101999952,4.6625297470000646],[-74.159201175999954,4.6625404080000408],[-74.159218763999945,4.6625430190000543]]]]},"properties":{"FID":0,"id":6,"conc_pm10":51.967189210000001,"periodo":"Anual","ano":2024,"fecha":null,"gis18_sde_":11869469.3473162,"fecha_ini":1704067200000,"fecha_fin":1735603200000,"st_area_sh":0.000966560960109,"st_perimet":0.22002371302199999}},{"type":"Feature","id":1,"geometry":{"type":"Polygon","coordinates":[[[-74.169851983999934,4.6564558290000377],[-74.169943088999958,4.65564107900002],[-74.170046327999955,4.6546153570000683],[-74.170075746999942,4.6538206030000424],[-74.170159233999982,4.6527706360000707],[-74.170209510999939,4.6514876740000659],[-74.170216112999981,4.6509259220000558],[-74.170217931999957,4.6503790580000555],[-74.170251367999981,4.6490812110000661],[-74.170275265999976,4.6476831130000278],[-74.170254416999967,4.6472365030000446],[-74.170237708999935,4.6467248430000723],[-74.170224652999934,4.6453918010000734],[-74.170242284999972,4.6440501950000339],[-74.170234919999984,4.643547093000052],[-74.170248524999977,4.643055056000037],[-74.170302920999973,4.6417023770000583],[-74.170448969999939,4.6400006310000208],[-74.170456052999953,4.639857649000021],[-74.170468666999966,4.6397489570000516],[-74.170666387999972,4.6380129140000577],[-74.170886082999971,4.6367856050000569],[-74.170991244999982,4.6361681650000719],[-74.171306623999953,4.6348193700000593],[-74.171413623999968,4.6343234010000742],[-74.171474455999942,4.6341192810000393],[-74.171914839999943,4.6324786270000686],[-74.172193331999949,4.6316797050000673],[-74.172515994999969,4.6306338390000406],[-74.172995216999936,4.6293843550000702],[-74.173193793999985,4.628789040000072],[-74.173840463999966,4.6271643530000688],[-74.17391579599996,4.6269442350000531],[-74.174345516999949,4.6258459920000519],[-74.174640791999934,4.6250994280000555],[-74.174699630999953,4.6249685400000544],[-74.17534242499994,4.6232546230000366],[-74.175546446999988,4.6227512810000349],[-74.175999694999973,4.6214098250000575],[-74.176337095999941,4.6204364430000737],[-74.176600449999967,4.6195650330000717],[-74.177060246999986,4.618004337000059],[-74.177133611999977,4.617720251000037],[-74.177298980999979,4.6170209950000753],[-74.177594915999975,4.6158754780000208],[-74.177698054999951,4.6154239640000583],[-74.17798208499994,4.6140307150000694],[-74.17821013799994,4.6126251580000712],[-74.178275604999953,4.6121859660000268],[-74.178340702999947,4.6115195790000598],[-74.17849270399995,4.610341227000049],[-74.17854897899997,4.6095253610000668],[-74.178618907999976,4.6084965010000474],[-74.17861905999996,4.607345313000053],[-74.178643956999963,4.606651788000022],[-74.178615340999954,4.6059521510000536],[-74.178579805999959,4.6048070890000758],[-74.17847709199998,4.6039018140000394],[-74.178405462999933,4.602962405000028],[-74.178142359999981,4.6014418520000504],[-74.178092103999973,4.6011177410000528],[-74.178051407999988,4.6009515870000541],[-74.177695796999956,4.5992730890000644],[-74.177412794999952,4.598371562000068],[-74.177144598999973,4.5974284560000456],[-74.176611114999957,4.5960750550000284],[-74.176428807999969,4.5955838470000572],[-74.175667721999957,4.5940249380000751],[-74.175531716999956,4.5937392620000423],[-74.174601619999976,4.5921881680000638],[-74.174424104999957,4.5918947050000725],[-74.173428283999954,4.5905378420000602],[-74.173054629999967,4.590050179000059],[-74.172158901999978,4.5890545090000501],[-74.17133252299999,4.5882056980000243],[-74.170800192999934,4.5877264860000651],[-74.169777408999948,4.5869077010000296],[-74.169362907999982,4.5865350810000223],[-74.169153986999959,4.5863612720000333],[-74.167877987999987,4.5854264960000251],[-74.166537070999937,4.5845168930000568],[-74.166345107999973,4.5844012990000351],[-74.166136252999934,4.5842695830000366],[-74.164839280999956,4.5833290710000369],[-74.163922144999958,4.5826725040000724],[-74.163326151999968,4.582269545000031],[-74.162495870999976,4.5816327440000464],[-74.161853021999946,4.581140481000034],[-74.161428826999952,4.5808280900000682],[-74.160404354999969,4.5799688920000676],[-74.159039495999934,4.5789836560000481],[-74.158913220999978,4.5788711400000466],[-74.158703058999947,4.5787309720000735],[-74.157377355999984,4.5778511570000546],[-74.155857635999951,4.5771393000000558],[-74.155712211999969,4.5770559330000538],[-74.155590384999982,4.5770109740000748],[-74.153946116999975,4.5764362190000725],[-74.153036408999981,4.5762617680000517],[-74.152010215999951,4.5761117150000246],[-74.150809110999944,4.5760802090000539],[-74.149879121999959,4.5761265480000475],[-74.148797830999968,4.5762740130000452],[-74.147484998999971,4.5765986470000257],[-74.146954582999967,4.5767598030000727],[-74.146115523999981,4.5771403010000427],[-74.145239784999944,4.5774688010000659],[-74.144692000999953,4.5777641620000509],[-74.143628929999977,4.5783584250000331],[-74.142801729999974,4.5789853220000509],[-74.142117946999974,4.5794216020000249],[-74.141146710999976,4.5802374680000639],[-74.140685976999976,4.580622088000041],[-74.140485337999962,4.5808302410000579],[-74.139305652999951,4.5819123240000295],[-74.138599457999987,4.5826751170000648],[-74.137981132999982,4.5832995410000308],[-74.136963711999954,4.5845199660000731],[-74.136726278999959,4.5848078250000412],[-74.135604623999939,4.5863647890000721],[-74.135547715999962,4.5864486900000543],[-74.134482612999989,4.5882095910000658],[-74.134461583999951,4.5882501830000706],[-74.133601144999943,4.5900543720000542],[-74.133513863999951,4.5902922080000508],[-74.132914614999947,4.5918991370000413],[-74.132731460999935,4.5926215190000335],[-74.132460622999986,4.5937438830000588],[-74.132251529999962,4.5954764540000497],[-74.132236197999987,4.5955886110000392],[-74.132231303999959,4.5957359560000555],[-74.132114595999951,4.5974333310000475],[-74.132193972999971,4.5990653690000727],[-74.132199496999988,4.5992780370000332],[-74.132219231999954,4.5994468520000282],[-74.132382554999936,4.6011227330000679],[-74.132616134999978,4.6024468120000392],[-74.132707063999987,4.6029674180000484],[-74.132981607999966,4.6041229860000499],[-74.133126598999979,4.604812096000046],[-74.133203184999957,4.60511623900004],[-74.13362953799998,4.6066567670000609],[-74.133907438999984,4.607581936000031],[-74.134225556999979,4.6085014300000466],[-74.13470831099994,4.6098796850000667],[-74.134902239999974,4.6103460860000496],[-74.135583187999941,4.6120487960000673],[-74.135650187999943,4.6121907350000697],[-74.13607245999998,4.6131828390000464],[-74.136427998999977,4.6140353810000647],[-74.136482720999936,4.6141750570000681],[-74.137311312999941,4.6158800170000518],[-74.137446046999969,4.6161904330000425],[-74.138250308999943,4.6177246470000455],[-74.138443310999946,4.6181468190000601],[-74.139228873999969,4.6195692720000352],[-74.139462339999966,4.6200653790000388],[-74.140229101999978,4.6214138930000672],[-74.140490850999981,4.6219674670000472],[-74.141229606999957,4.623258513000053],[-74.141515483999967,4.6238763010000525],[-74.142205369999942,4.6251031350000744],[-74.142520201999957,4.6258197620000487],[-74.143127163999964,4.6269477590000747],[-74.143483463999985,4.6278352980000363],[-74.144073625999965,4.6287923790000605],[-74.144503802999964,4.6297516200000359],[-74.144886077999956,4.630637011000033],[-74.145277616999977,4.6320964950000416],[-74.145414866999943,4.6324816690000716],[-74.145574568999962,4.6333827160000283],[-74.145769192999978,4.6343263440000442],[-74.145815170999981,4.6348520770000619],[-74.145978949999972,4.6361710320000498],[-74.145919556999957,4.6376709560000222],[-74.145927615999938,4.6380157450000752],[-74.145843591999949,4.6384927050000329],[-74.145678012999952,4.6398604770000702],[-74.145470780999972,4.6405799840000554],[-74.145284592999985,4.6417052240000203],[-74.14478434199998,4.6430760720000421],[-74.144652616999963,4.6435499920000325],[-74.144064437999987,4.6452754520000212],[-74.144025038999985,4.6453947590000553],[-74.14401105099995,4.6454212590000452],[-74.143278489999943,4.6472395370000754],[-74.143125725999937,4.6475717880000502],[-74.142545691999942,4.6490843140000493],[-74.142243041999961,4.6497269150000307],[-74.14182453899997,4.6509290880000549],[-74.141407651999941,4.6519642260000751],[-74.141171692999933,4.6527738540000314],[-74.140680227999951,4.6543891390000454],[-74.140631766999945,4.6546186100000568],[-74.140542551999943,4.65508746200004],[-74.140238145999945,4.6564633540000386],[-74.140116491999947,4.6570984710000403],[-74.139979464999954,4.6583080840000548],[-74.13995797299998,4.6597935880000705],[-74.139928125999973,4.660152796000034],[-74.139939956999967,4.660480585000073],[-74.140047839999966,4.6619974930000581],[-74.140288059999989,4.6629098010000689],[-74.140428946999975,4.6638421660000517],[-74.14102434199998,4.6653199600000335],[-74.14111210599998,4.6656868120000468],[-74.142015261999973,4.6672875030000682],[-74.142118701999948,4.6675314270000285],[-74.143226661999961,4.6688718120000203],[-74.143617215999939,4.6693759940000632],[-74.144580997999981,4.6702076720000605],[-74.146073883999975,4.6712204640000436],[-74.146108721999951,4.6712421460000542],[-74.146142993999945,4.6712583300000574],[-74.147748793999938,4.6720813340000404],[-74.148995596999953,4.6725258190000432],[-74.149552719999974,4.6726357050000615],[-74.15140929599994,4.6730307140000491],[-74.151450247999946,4.6730273680000209],[-74.151947392999944,4.6730645720000439],[-74.15347610699996,4.6731959560000291],[-74.153646908999974,4.6732296630000292],[-74.155640520999953,4.6731236900000681],[-74.155712533999974,4.6731297890000292],[-74.15611645499996,4.673064117000024],[-74.157655881999972,4.6728174650000369],[-74.158028781999974,4.6726623010000594],[-74.159473611999942,4.6722868950000702],[-74.160719385999982,4.6716753270000595],[-74.161156116999962,4.6715213870000412],[-74.161693645999947,4.6712187630000699],[-74.162730086999943,4.6705673170000637],[-74.164093820999938,4.6693737650000458],[-74.16413874899996,4.6693260490000625],[-74.164286251999954,4.6691650790000381],[-74.165445751999982,4.6679081680000536],[-74.165538458999947,4.667798934000075],[-74.165198574999977,4.6676524300000324],[-74.164689100999965,4.6674606220000214],[-74.164117013999942,4.6673037960000556],[-74.162830944999939,4.66715692300005],[-74.162116964999939,4.6671555780000631],[-74.161614250999946,4.6671415720000482],[-74.16092864899997,4.6671056020000492],[-74.160683147999976,4.6671186220000322],[-74.160680792999983,4.6671158740000465],[-74.160680108999941,4.6671159100000636],[-74.16052328699999,4.6669321100000616],[-74.160424219999982,4.6668165260000478],[-74.160424042999978,4.6668157910000332],[-74.160421861999964,4.6668132360000527],[-74.160421086999975,4.6668118220000565],[-74.160420805999934,4.6668106210000246],[-74.160375263999981,4.6666190980000692],[-74.160374699999977,4.6666169100000729],[-74.16057817799998,4.6663485450000621],[-74.16057944399995,4.6663468510000712],[-74.16074737699995,4.6660949430000755],[-74.160748291999937,4.6660930360000634],[-74.160961616999941,4.6656296160000466],[-74.160961899999961,4.6656275690000371],[-74.160968161999961,4.6655831490000423],[-74.160999759999982,4.6653587840000341],[-74.161027979999972,4.665155114000072],[-74.161028120999958,4.6651539840000282],[-74.161028262999935,4.6651519350000399],[-74.16105373299996,4.6647315990000493],[-74.161054112999977,4.6647246780000273],[-74.160615099999973,4.6644141070000273],[-74.160163108999939,4.6642850280000516],[-74.159642917999975,4.6642138030000524],[-74.158967587999939,4.6639887260000705],[-74.158963621999987,4.6639857040000265],[-74.158954416999961,4.6640075030000503],[-74.15838163799998,4.6656850350000241],[-74.158068321999963,4.6661566750000247],[-74.157201831999942,4.6675298760000601],[-74.156904710999981,4.66782369200007],[-74.156246627999963,4.6683799670000212],[-74.155510833999983,4.6690906490000543],[-74.155158496999945,4.6693748110000683],[-74.153946134999956,4.6700608230000284],[-74.153021824999939,4.6702955280000538],[-74.152189494999959,4.6706975190000435],[-74.150594904999934,4.670824107000044],[-74.150206394999941,4.6709407520000354],[-74.148552544999973,4.6706842080000683],[-74.147765528999969,4.6703886390000662],[-74.146836830999973,4.6699765100000263],[-74.146119308999971,4.6693757530000539],[-74.145511521999936,4.6685901930000568],[-74.144735630999946,4.6675311810000721],[-74.144530134999968,4.6666060610000386],[-74.144134387999941,4.6656865310000626],[-74.143996016999949,4.6638444720000507],[-74.143995418999964,4.6638418370000636],[-74.143995392999955,4.6638381190000473],[-74.144217482999977,4.6619971090000263],[-74.144450536999955,4.6609401210000669],[-74.144825478999962,4.6601523440000392],[-74.145379093999964,4.6588646840000365],[-74.14582640499998,4.6583075410000561],[-74.14654752499996,4.6572060370000372],[-74.147379823999984,4.6564626810000505],[-74.147901039999965,4.6558689790000471],[-74.149054167999964,4.6550520050000728],[-74.149425158999975,4.6548283510000488],[-74.150021266999943,4.6546177060000673],[-74.151141697999947,4.6541220520000479],[-74.151815714999941,4.6539416510000251],[-74.153136168999936,4.6538986550000345],[-74.153944815999978,4.6539306730000476],[-74.155659294999964,4.6545937680000407],[-74.155681168999934,4.654602422000039],[-74.155697617999977,4.6546170980000738],[-74.157135769999968,4.6557639530000756],[-74.15759768199996,4.6564615920000278],[-74.158282446999976,4.6574607690000676],[-74.158628789999966,4.6583061800000678],[-74.159100044999946,4.6597296480000523],[-74.159174518999976,4.6601508230000377],[-74.159191319999934,4.6607304280000221],[-74.15929694099998,4.6619955150000578],[-74.159218763999945,4.6625430190000543],[-74.159283454999979,4.6625526250000462],[-74.160214640999982,4.6626904590000322],[-74.160315993999973,4.6627054290000274],[-74.160457044999987,4.6627511190000632],[-74.160561706999943,4.662785015000054],[-74.160844724999947,4.6628767440000729],[-74.160853944999985,4.6628797090000376],[-74.161086565999938,4.6629910750000363],[-74.16122642199997,4.663055479000036],[-74.161611778999941,4.6632113310000705],[-74.161651264999989,4.6632270070000459],[-74.161690890999978,4.6632427560000451],[-74.161730165999984,4.6632582900000443],[-74.161759375999964,4.6632639390000463],[-74.161958915999946,4.6633026370000721],[-74.161964827999952,4.663303767000059],[-74.162282191999964,4.6633631510000555],[-74.162284865999936,4.6633636460000503],[-74.162462301999938,4.6632212000000663],[-74.162529235999955,4.6631674540000745],[-74.162542045999942,4.6631523420000462],[-74.162544509999975,4.663149446000034],[-74.162629038999967,4.6630501510000499],[-74.162755374999961,4.6629017740000336],[-74.162755938999965,4.6629002920000744],[-74.162796687999958,4.662791392000031],[-74.162834833999966,4.6626894150000453],[-74.162862634999954,4.6626150500000563],[-74.162863337999966,4.6626129310000692],[-74.162898175999942,4.6625092600000357],[-74.162980729999958,4.662263848000066],[-74.162980729999958,4.6622626490000698],[-74.16298065999996,4.6622578460000454],[-74.162972696999987,4.6618522710000434],[-74.162972696999987,4.6618502220000551],[-74.16297508699995,4.6617337690000227],[-74.162978813999985,4.6615494480000734],[-74.16297979899997,4.6615020610000215],[-74.162980149999953,4.6614866670000765],[-74.162981414999933,4.6614241660000744],[-74.162985421999963,4.6611930940000548],[-74.162985351999964,4.6611909060000585],[-74.162977813999987,4.6609036910000441],[-74.162970980999944,4.6606430290000276],[-74.162970909999956,4.660641192000071],[-74.16295830699994,4.6604105440000581],[-74.162958023999977,4.6604059540000549],[-74.162945700999956,4.6601789080000344],[-74.162945913999977,4.6601768590000461],[-74.162997704999952,4.6596955770000363],[-74.16299939299995,4.659680111000057],[-74.162999673999934,4.6596780640000475],[-74.163092364999954,4.6594493190000321],[-74.163150286999951,4.659306382000068],[-74.163151483999968,4.6593048290000638],[-74.16325797199994,4.6591647140000418],[-74.163258957999972,4.6591634420000219],[-74.163262193999969,4.6591592050000372],[-74.163342991999968,4.6590529190000325],[-74.163344541999948,4.6590518590000443],[-74.163588556999969,4.6588786900000514],[-74.163929630999974,4.6586365230000411],[-74.164037879999967,4.6585598260000438],[-74.164483832999963,4.6586315660000537],[-74.164884180999934,4.6587665820000552],[-74.165234981999959,4.6591309780000643],[-74.16551061499996,4.6594510240000204],[-74.165511529999947,4.6594520840000655],[-74.16551207699996,4.6594532190000564],[-74.165513845999953,4.6594552640000302],[-74.165639538999983,4.6597148960000254],[-74.16593602599994,4.6598490320000678],[-74.166204610999955,4.6598704930000281],[-74.166369588999942,4.6597659710000698],[-74.166522105999945,4.6596118700000488],[-74.166523231999975,4.6596107400000619],[-74.166559616999962,4.6595034660000465],[-74.166657090999934,4.6592161070000202],[-74.16665758299996,4.6592146950000597],[-74.166728236999973,4.6587901900000475],[-74.166733303999933,4.6587596820000385],[-74.166734710999947,4.6587514200000442],[-74.166734499999961,4.65874965200004],[-74.166698594999957,4.658407779000072],[-74.166698875999941,4.658406153000044],[-74.166699720999986,4.6584008590000394],[-74.166700846999959,4.6583937950000518],[-74.166808518999972,4.657852837000064],[-74.166808799999956,4.6578512820000242],[-74.166809644999944,4.6578491630000372],[-74.166993753999975,4.6573741610000639],[-74.166994388999967,4.6573721140000544],[-74.167017964999957,4.6572959140000307],[-74.167212978999942,4.6566659680000271],[-74.167651037999974,4.6563766920000376],[-74.167947771999934,4.6562834640000688],[-74.169009717999984,4.6562540530000547],[-74.16948382299995,4.6562738110000623],[-74.169851983999934,4.6564558290000377]],[[-74.137974571999962,4.6066564100000278],[-74.137363817999983,4.6052635030000602],[-74.137200156999938,4.6048117660000685],[-74.136654588999988,4.6031277140000384],[-74.136598954999954,4.602967106000051],[-74.136586852999983,4.6029241930000353],[-74.136145101999944,4.6011224330000573],[-74.13601142899995,4.6002345390000414],[-74.135870423999961,4.5992777450000517],[-74.135826906999966,4.5980005530000199],[-74.13578701299997,4.5974330400000554],[-74.135825626999974,4.5968675850000409],[-74.135875999999939,4.5955883230000723],[-74.136040953999952,4.5946836070000359],[-74.136209548999943,4.593743585000027],[-74.136708473999988,4.5921546730000387],[-74.13678751499998,4.5918988260000333],[-74.137513431999935,4.5902435880000212],[-74.137593150999976,4.5900540470000237],[-74.13760713399995,4.590027401000043],[-74.138381636999952,4.5887343020000344],[-74.138689044999978,4.5882185800000457],[-74.13869585599997,4.5882092420000617],[-74.139903297999979,4.5866397350000625],[-74.140180404999967,4.586364402000072],[-74.141236336999953,4.5852673170000458],[-74.142166946999964,4.5845195140000214],[-74.142674686999953,4.5840779030000363],[-74.14348309099995,4.5835558120000428],[-74.144219370999963,4.5830732720000356],[-74.145104210999989,4.5826745310000661],[-74.145878259999961,4.5822670970000559],[-74.146467622999978,4.5820573680000507],[-74.147663675999979,4.5816807910000534],[-74.148941656999966,4.5814463810000348],[-74.149610429999939,4.5813748360000659],[-74.151120711999965,4.5813481960000217],[-74.15175211899998,4.5814076130000672],[-74.15309659199994,4.581603226000027],[-74.154162916999951,4.581907999000066],[-74.154911093999942,4.5821388080000247],[-74.15606226899996,4.5826734110000302],[-74.156599333999964,4.5828938970000763],[-74.15697884399998,4.5831123360000561],[-74.158201064999957,4.5837993890000348],[-74.159225145999983,4.5845177670000226],[-74.159715093999978,4.5848573560000432],[-74.160462041999949,4.5854761020000296],[-74.161162672999978,4.5860308520000217],[-74.161545340999965,4.5863622080000255],[-74.16256608599997,4.5872811400000728],[-74.163519994999945,4.5882066820000205],[-74.163909932999957,4.5886349890000702],[-74.165093634999948,4.5900512010000512],[-74.165162586999941,4.5901473890000375],[-74.16575525199994,4.5909848310000712],[-74.166341147999958,4.5917886080000585],[-74.166418699999952,4.5918957480000699],[-74.167404371999964,4.5936303570000518],[-74.167468620999955,4.5937403250000557],[-74.167851306999978,4.5946268290000489],[-74.168276340999967,4.5955849320000652],[-74.168318624999984,4.5957311060000734],[-74.168885601999989,4.5974295640000378],[-74.169033733999981,4.5981780860000754],[-74.169297657999948,4.5992742210000301],[-74.169494446999977,4.6010673530000759],[-74.169502908999959,4.6011189030000423],[-74.169505494999953,4.6011896280000428],[-74.169578606999949,4.6029636020000453],[-74.169453302999955,4.6047875380000391],[-74.169451639999977,4.6048083280000469],[-74.169445590999942,4.6048425340000563],[-74.169196721999981,4.6066530690000604],[-74.168977999999981,4.6076502960000312],[-74.168756804999987,4.608497835000037],[-74.16824571099994,4.6100665460000414],[-74.168135813999982,4.6103426240000545],[-74.167329865999989,4.6121638770000573],[-74.167316999999969,4.6121874360000561],[-74.166275422999945,4.6140204030000405],[-74.166266618999941,4.6140322770000353],[-74.165083384999946,4.6156378630000745],[-74.164850615999967,4.6158771620000607],[-74.163762934999966,4.6170322170000304],[-74.162882470999989,4.6177221100000452],[-74.162307798999962,4.6181925590000219],[-74.161486252999964,4.6186798330000443],[-74.160732252999935,4.619143690000044],[-74.15974314999994,4.6195671890000654],[-74.159039753999934,4.6198916190000432],[-74.158560334999947,4.6200762350000559],[-74.157278127999973,4.6205194380000307],[-74.156073340999967,4.6207095720000666],[-74.155299252999953,4.620769780000046],[-74.153958264999972,4.6206963450000558],[-74.153051829999981,4.6205535020000639],[-74.152070214999981,4.6202884500000323],[-74.15053054599997,4.6198613630000409],[-74.150245193999979,4.6197709820000341],[-74.149895141999934,4.6195682630000761],[-74.148578640999972,4.6189780370000335],[-74.147473595999941,4.6182384380000485],[-74.147054459999936,4.6179375980000259],[-74.146821616999944,4.6177238610000586],[-74.145594267999968,4.6167859270000235],[-74.14466714699995,4.6158793590000755],[-74.144209515999989,4.6155031180000492],[-74.143102824999971,4.6143325530000538],[-74.142890201999933,4.6141065590000494],[-74.142836873999954,4.614034820000029],[-74.141620887999977,4.6126230880000207],[-74.141333527999961,4.6121902470000578],[-74.14043413099995,4.6109961100000305],[-74.140041434999944,4.610345652000035],[-74.139314525999964,4.6092524070000422],[-74.138919710999971,4.6085010400000215],[-74.138284260999967,4.6073534060000725],[-74.137974571999962,4.6066564100000278]]]},"properties":{"FID":1,"id":5,"conc_pm10":46.745571009999999,"periodo":"Anual","ano":2024,"fecha":null,"gis18_sde_":22282126.3509042,"fecha_ini":1704067200000,"fecha_fin":1735603200000,"st_area_sh":0.00181452067976,"st_perimet":0.41814460479999999}},{"type":"Feature","id":2,"geometry":{"type":"MultiPolygon","coordinates":[[[[-74.180137384999966,4.5821010970000202],[-74.179557711999962,4.5817699210000455],[-74.17876787299997,4.5812543300000357],[-74.177855723999983,4.58082597300006],[-74.177115568999966,4.5804367810000599],[-74.176559958999974,4.5802498010000363],[-74.175385281999979,4.5797548170000368],[-74.173973956999987,4.5794450790000383],[-74.173524388999965,4.579299929000058],[-74.171656858999938,4.5791075750000232],[-74.171530288999975,4.5790766340000459],[-74.169507193999948,4.5790609880000375],[-74.169427417999941,4.5790424460000736],[-74.167425106999985,4.579131817000075],[-74.167280553999944,4.5790847380000628],[-74.167040490999966,4.5789826990000506],[-74.165617706999967,4.5782855220000442],[-74.164705254999944,4.5771382770000741],[-74.164571764999948,4.5764137720000235],[-74.164055750999978,4.5752936450000448],[-74.163704623999934,4.5742311700000755],[-74.163236843999982,4.5734490320000418],[-74.162660134999953,4.5723569110000426],[-74.162021256999935,4.5716044660000534],[-74.161422237999943,4.5708189140000286],[-74.160171921999961,4.5697599710000532],[-74.160001705999946,4.569598448000022],[-74.159714079999958,4.5694216760000472],[-74.158473632999971,4.5685649530000205],[-74.15693095499995,4.5679156260000582],[-74.15677016799998,4.5678363890000355],[-74.156661245999942,4.5678055970000742],[-74.154958796999949,4.5672954290000689],[-74.154184903999976,4.5671912420000353],[-74.152975779999963,4.5670528800000625],[-74.151988034999988,4.5670625140000425],[-74.150800855999989,4.5671439640000244],[-74.14998554999994,4.5672715610000409],[-74.148364976999972,4.5676887110000735],[-74.148142800999949,4.5677581770000302],[-74.147800105999977,4.5679165790000411],[-74.146413492999955,4.5684419250000587],[-74.145526402999963,4.5689335270000697],[-74.144808850999937,4.5693423130000497],[-74.144293561999973,4.5697616260000586],[-74.143302949999963,4.5704142880000518],[-74.142029995999962,4.5716065450000656],[-74.141915707999942,4.5716924660000586],[-74.141663487999949,4.5719590930000322],[-74.140588993999984,4.5730758330000754],[-74.140335308999965,4.5734514080000395],[-74.13933809699995,4.5745909570000549],[-74.138893869999947,4.5752962450000609],[-74.138142599999981,4.5762023600000248],[-74.137543566999966,4.5771410710000282],[-74.136964388999957,4.5778438090000577],[-74.136141665999958,4.5789858990000312],[-74.135757167999941,4.5794348540000556],[-74.134623344999966,4.5808307340000738],[-74.134512414999961,4.580960684000047],[-74.134045454999978,4.5815125290000651],[-74.133239527999933,4.5824376290000259],[-74.133020974999965,4.5826755720000278],[-74.131984982999938,4.5839464570000246],[-74.131527480999978,4.584520398000052],[-74.130803321999963,4.5855819460000475],[-74.130298875999983,4.5863652010000351],[-74.129745932999981,4.5874334010000553],[-74.129351431999964,4.5882099820000235],[-74.12882297799996,4.5895184790000485],[-74.128627574999939,4.5900547450000317],[-74.128244040999959,4.5915975080000635],[-74.128157586999976,4.5918994910000492],[-74.128137623999976,4.5920164590000354],[-74.12783382899994,4.5937442250000231],[-74.127760780999949,4.595050565000065],[-74.127724971999953,4.5955889440000419],[-74.127734758999964,4.5961726840000665],[-74.127697216999934,4.5974336560000211],[-74.127797296999972,4.5988029930000494],[-74.127824209999972,4.5992783590000386],[-74.127871048999964,4.5996256390000667],[-74.128017917999955,4.6011230560000627],[-74.128262999999947,4.6026341800000523],[-74.128309469999976,4.6029677460000471],[-74.128426323999975,4.6035850520000281],[-74.128635208999981,4.6048124330000633],[-74.128762735999942,4.6054553630000328],[-74.129000776999987,4.6066571170000543],[-74.129325735999942,4.60816657700002],[-74.129403225999965,4.6085017990000665],[-74.129595327999937,4.6093054210000446],[-74.129821438999954,4.6103464780000536],[-74.129923044999941,4.6108181630000331],[-74.130262639999955,4.6121911560000513],[-74.130556168999988,4.6134074970000256],[-74.130728911999938,4.6140358310000238],[-74.131181746999971,4.6157510930000285],[-74.131212931999983,4.6158805050000637],[-74.131225718999985,4.6159335190000661],[-74.13170757499995,4.617725177000068],[-74.131893745999946,4.6184621970000421],[-74.13223112299994,4.6195698470000366],[-74.132622053999967,4.6208860950000599],[-74.132794013999955,4.621414512000058],[-74.133277182999961,4.62308120900002],[-74.133326287999978,4.6232591800000478],[-74.133342289999973,4.6233240350000528],[-74.133831541999939,4.6251038500000732],[-74.134006953999972,4.625858580000056],[-74.134302505999983,4.6269485220000206],[-74.134619793999946,4.6284832190000316],[-74.134694671999966,4.6287931990000288],[-74.134805458999949,4.6294257240000434],[-74.135019039999975,4.6306378820000305],[-74.135098824999943,4.6313404620000256],[-74.135259520999966,4.6324825720000717],[-74.13537925299994,4.6341116630000556],[-74.13539597099998,4.634327269000039],[-74.135399160999953,4.6345083320000526],[-74.13546063299998,4.6361719730000459],[-74.135548503999985,4.6379386750000435],[-74.13555383399995,4.6380166740000277],[-74.135548196999935,4.6380941180000264],[-74.13544236499996,4.6398613910000677],[-74.135286980999979,4.6413291230000482],[-74.135251402999984,4.641706116000023],[-74.135181563999936,4.6422664520000581],[-74.135021447999975,4.6435508430000709],[-74.134900363999975,4.6443462350000573],[-74.134759980999945,4.6453955720000408],[-74.134514443999933,4.6471160050000435],[-74.134495480999988,4.647240302000057],[-74.134484221999969,4.6473120490000497],[-74.134248480999986,4.6490850310000269],[-74.134103453999955,4.650339334000023],[-74.134045154999967,4.6509297550000497],[-74.133999194999944,4.651701557000024],[-74.133908608999945,4.6527744740000685],[-74.133868541999959,4.6536200590000476],[-74.133832644999984,4.6546191880000265],[-74.133876236999981,4.6556052100000329],[-74.133877574999985,4.6564638920000334],[-74.133977065999943,4.6574975330000257],[-74.134051728999964,4.6583085860000324],[-74.134159310999962,4.658803095000053],[-74.134377856999947,4.6601532670000552],[-74.134764368999981,4.6614413110000328],[-74.13489538999994,4.6619979320000766],[-74.135595135999949,4.6636872050000306],[-74.135648300999947,4.6638425780000716],[-74.136624633999986,4.6655876730000614],[-74.136673273999975,4.6656872000000362],[-74.137812704999988,4.6672125150000738],[-74.138039539999966,4.667531790000055],[-74.139128036999978,4.6686161580000203],[-74.139920213999972,4.6693763320000699],[-74.140545866999958,4.6698416440000301],[-74.141380830999935,4.6703618010000696],[-74.142054418999976,4.6709094400000595],[-74.14250765099996,4.6712208040000291],[-74.14362216699999,4.6718743440000594],[-74.144649876999949,4.6723528880000345],[-74.145253575999959,4.67272859600007],[-74.14596632699994,4.673065182000073],[-74.146898998999973,4.6735584900000617],[-74.147700501999964,4.673964432000048],[-74.148562030999983,4.6743577760000221],[-74.149847469999941,4.6749094980000336],[-74.150236013999972,4.6751380310000741],[-74.150622296999984,4.675352106000048],[-74.151925409999933,4.675891497000066],[-74.153422717999945,4.676528873000052],[-74.153649997999935,4.6765837880000731],[-74.154210685999942,4.6767537400000379],[-74.155408122999972,4.6772177870000746],[-74.156099351999956,4.6774905440000225],[-74.157227149999983,4.6777459200000635],[-74.157264605999956,4.6777575260000503],[-74.157598815999961,4.677403560000073],[-74.158088201999988,4.6771013680000237],[-74.15865290499994,4.6768559420000315],[-74.159040838999942,4.6767368060000649],[-74.159155044999977,4.6766981390000524],[-74.159220010999945,4.6766761750000683],[-74.159239717999981,4.6766715140000201],[-74.159275543999968,4.6766630510000482],[-74.159932947999948,4.67644038800006],[-74.160685856999976,4.6762893310000209],[-74.161325877999957,4.6761004000000526],[-74.16202229299995,4.6756471530000567],[-74.16241761699996,4.6752882820000536],[-74.162662214999955,4.6748917180000262],[-74.162850505999984,4.6745895260000339],[-74.163001047999956,4.6743061370000305],[-74.163114019999966,4.6739662510000244],[-74.163321045999965,4.6734941180000646],[-74.163463392999972,4.6731014260000734],[-74.163495848999958,4.6730016780000483],[-74.163497817999939,4.6729956050000396],[-74.163498381999943,4.6729936970000381],[-74.163501457999985,4.6729837750000343],[-74.163528063999934,4.6724175170000422],[-74.163697519999971,4.6718321180000544],[-74.164111668999965,4.6713033040000482],[-74.164365380999982,4.6711618010000393],[-74.164370337999969,4.6711554860000319],[-74.164427910999962,4.671080909000068],[-74.164428965999946,4.6710794950000718],[-74.164571988999967,4.6710969350000369],[-74.164584984999976,4.6710985210000331],[-74.164770422999936,4.6710766740000622],[-74.165015117999985,4.671284306000075],[-74.165155580999965,4.671807508000029],[-74.165214595999942,4.6721051750000697],[-74.165400231999968,4.6726302610000516],[-74.165600224999935,4.6729918800000405],[-74.165602830999944,4.6729959030000714],[-74.165603801999964,4.6729974080000716],[-74.165881031999959,4.6731729040000687],[-74.166106896999963,4.6732674540000403],[-74.166408927999953,4.6732667060000495],[-74.166424654999958,4.6732638890000544],[-74.166435845999956,4.6732619110000542],[-74.166439928999978,4.67326141500007],[-74.166450098999974,4.6732601120000368],[-74.166709255999933,4.6731163020000395],[-74.16716097699998,4.67292745900005],[-74.167650357999946,4.6727196330000424],[-74.168177395999976,4.6725307870000279],[-74.168581231999951,4.6723788830000217],[-74.168628235999961,4.6724396230000593],[-74.168680828999982,4.6724172170000315],[-74.169330051999964,4.6721318890000703],[-74.169841881999957,4.6717793320000283],[-74.170261359999984,4.6712972590000277],[-74.170262696999941,4.6712957060000235],[-74.170493338999961,4.6709805170000323],[-74.170494464999933,4.6709789620000493],[-74.17058891399995,4.6707336210000676],[-74.170589406999966,4.6707323510000265],[-74.170610017999934,4.6703945000000431],[-74.170610298999975,4.6703897680000637],[-74.170609806999948,4.6703879320000397],[-74.170464513999946,4.6698461340000677],[-74.170463668999957,4.669844438000041],[-74.170305644999985,4.669528132000039],[-74.170169449999946,4.6692586560000677],[-74.169764477999934,4.6689421780000657],[-74.168568223999955,4.6685427520000644],[-74.16780793099997,4.6684328470000764],[-74.167098992999968,4.6683111010000289],[-74.165971751999962,4.6679857010000205],[-74.165538458999947,4.667798934000075],[-74.165445751999982,4.6679081680000536],[-74.164286251999954,4.6691650790000381],[-74.16413874899996,4.6693260490000625],[-74.164093820999938,4.6693737650000458],[-74.162730086999943,4.6705673170000637],[-74.161693645999947,4.6712187630000699],[-74.161156116999962,4.6715213870000412],[-74.160719385999982,4.6716753270000595],[-74.159473611999942,4.6722868950000702],[-74.158028781999974,4.6726623010000594],[-74.157655881999972,4.6728174650000369],[-74.15611645499996,4.673064117000024],[-74.155712533999974,4.6731297890000292],[-74.155640520999953,4.6731236900000681],[-74.153646908999974,4.6732296630000292],[-74.15347610699996,4.6731959560000291],[-74.151947392999944,4.6730645720000439],[-74.151450247999946,4.6730273680000209],[-74.15140929599994,4.6730307140000491],[-74.149552719999974,4.6726357050000615],[-74.148995596999953,4.6725258190000432],[-74.147748793999938,4.6720813340000404],[-74.146142993999945,4.6712583300000574],[-74.146108721999951,4.6712421460000542],[-74.146073883999975,4.6712204640000436],[-74.144580997999981,4.6702076720000605],[-74.143617215999939,4.6693759940000632],[-74.143226661999961,4.6688718120000203],[-74.142118701999948,4.6675314270000285],[-74.142015261999973,4.6672875030000682],[-74.14111210599998,4.6656868120000468],[-74.14102434199998,4.6653199600000335],[-74.140428946999975,4.6638421660000517],[-74.140288059999989,4.6629098010000689],[-74.140047839999966,4.6619974930000581],[-74.139939956999967,4.660480585000073],[-74.139928125999973,4.660152796000034],[-74.13995797299998,4.6597935880000705],[-74.139979464999954,4.6583080840000548],[-74.140116491999947,4.6570984710000403],[-74.140238145999945,4.6564633540000386],[-74.140542551999943,4.65508746200004],[-74.140631766999945,4.6546186100000568],[-74.140680227999951,4.6543891390000454],[-74.141171692999933,4.6527738540000314],[-74.141407651999941,4.6519642260000751],[-74.14182453899997,4.6509290880000549],[-74.142243041999961,4.6497269150000307],[-74.142545691999942,4.6490843140000493],[-74.143125725999937,4.6475717880000502],[-74.143278489999943,4.6472395370000754],[-74.14401105099995,4.6454212590000452],[-74.144025038999985,4.6453947590000553],[-74.144064437999987,4.6452754520000212],[-74.144652616999963,4.6435499920000325],[-74.14478434199998,4.6430760720000421],[-74.145284592999985,4.6417052240000203],[-74.145470780999972,4.6405799840000554],[-74.145678012999952,4.6398604770000702],[-74.145843591999949,4.6384927050000329],[-74.145927615999938,4.6380157450000752],[-74.145919556999957,4.6376709560000222],[-74.145978949999972,4.6361710320000498],[-74.145815170999981,4.6348520770000619],[-74.145769192999978,4.6343263440000442],[-74.145574568999962,4.6333827160000283],[-74.145414866999943,4.6324816690000716],[-74.145277616999977,4.6320964950000416],[-74.144886077999956,4.630637011000033],[-74.144503802999964,4.6297516200000359],[-74.144073625999965,4.6287923790000605],[-74.143483463999985,4.6278352980000363],[-74.143127163999964,4.6269477590000747],[-74.142520201999957,4.6258197620000487],[-74.142205369999942,4.6251031350000744],[-74.141515483999967,4.6238763010000525],[-74.141229606999957,4.623258513000053],[-74.140490850999981,4.6219674670000472],[-74.140229101999978,4.6214138930000672],[-74.139462339999966,4.6200653790000388],[-74.139228873999969,4.6195692720000352],[-74.138443310999946,4.6181468190000601],[-74.138250308999943,4.6177246470000455],[-74.137446046999969,4.6161904330000425],[-74.137311312999941,4.6158800170000518],[-74.136482720999936,4.6141750570000681],[-74.136427998999977,4.6140353810000647],[-74.13607245999998,4.6131828390000464],[-74.135650187999943,4.6121907350000697],[-74.135583187999941,4.6120487960000673],[-74.134902239999974,4.6103460860000496],[-74.13470831099994,4.6098796850000667],[-74.134225556999979,4.6085014300000466],[-74.133907438999984,4.607581936000031],[-74.13362953799998,4.6066567670000609],[-74.133203184999957,4.60511623900004],[-74.133126598999979,4.604812096000046],[-74.132981607999966,4.6041229860000499],[-74.132707063999987,4.6029674180000484],[-74.132616134999978,4.6024468120000392],[-74.132382554999936,4.6011227330000679],[-74.132219231999954,4.5994468520000282],[-74.132199496999988,4.5992780370000332],[-74.132193972999971,4.5990653690000727],[-74.132114595999951,4.5974333310000475],[-74.132231303999959,4.5957359560000555],[-74.132236197999987,4.5955886110000392],[-74.132251529999962,4.5954764540000497],[-74.132460622999986,4.5937438830000588],[-74.132731460999935,4.5926215190000335],[-74.132914614999947,4.5918991370000413],[-74.133513863999951,4.5902922080000508],[-74.133601144999943,4.5900543720000542],[-74.134461583999951,4.5882501830000706],[-74.134482612999989,4.5882095910000658],[-74.135547715999962,4.5864486900000543],[-74.135604623999939,4.5863647890000721],[-74.136726278999959,4.5848078250000412],[-74.136963711999954,4.5845199660000731],[-74.137981132999982,4.5832995410000308],[-74.138599457999987,4.5826751170000648],[-74.139305652999951,4.5819123240000295],[-74.140485337999962,4.5808302410000579],[-74.140685976999976,4.580622088000041],[-74.141146710999976,4.5802374680000639],[-74.142117946999974,4.5794216020000249],[-74.142801729999974,4.5789853220000509],[-74.143628929999977,4.5783584250000331],[-74.144692000999953,4.5777641620000509],[-74.145239784999944,4.5774688010000659],[-74.146115523999981,4.5771403010000427],[-74.146954582999967,4.5767598030000727],[-74.147484998999971,4.5765986470000257],[-74.148797830999968,4.5762740130000452],[-74.149879121999959,4.5761265480000475],[-74.150809110999944,4.5760802090000539],[-74.152010215999951,4.5761117150000246],[-74.153036408999981,4.5762617680000517],[-74.153946116999975,4.5764362190000725],[-74.155590384999982,4.5770109740000748],[-74.155712211999969,4.5770559330000538],[-74.155857635999951,4.5771393000000558],[-74.157377355999984,4.5778511570000546],[-74.158703058999947,4.5787309720000735],[-74.158913220999978,4.5788711400000466],[-74.159039495999934,4.5789836560000481],[-74.160404354999969,4.5799688920000676],[-74.161428826999952,4.5808280900000682],[-74.161853021999946,4.581140481000034],[-74.162495870999976,4.5816327440000464],[-74.163326151999968,4.582269545000031],[-74.163922144999958,4.5826725040000724],[-74.164839280999956,4.5833290710000369],[-74.166136252999934,4.5842695830000366],[-74.166345107999973,4.5844012990000351],[-74.166537070999937,4.5845168930000568],[-74.167877987999987,4.5854264960000251],[-74.169153986999959,4.5863612720000333],[-74.169362907999982,4.5865350810000223],[-74.169777408999948,4.5869077010000296],[-74.170800192999934,4.5877264860000651],[-74.17133252299999,4.5882056980000243],[-74.172158901999978,4.5890545090000501],[-74.173054629999967,4.590050179000059],[-74.173428283999954,4.5905378420000602],[-74.174424104999957,4.5918947050000725],[-74.174601619999976,4.5921881680000638],[-74.175531716999956,4.5937392620000423],[-74.175667721999957,4.5940249380000751],[-74.176428807999969,4.5955838470000572],[-74.176611114999957,4.5960750550000284],[-74.177144598999973,4.5974284560000456],[-74.177412794999952,4.598371562000068],[-74.177695796999956,4.5992730890000644],[-74.178051407999988,4.6009515870000541],[-74.178092103999973,4.6011177410000528],[-74.178142359999981,4.6014418520000504],[-74.178405462999933,4.602962405000028],[-74.17847709199998,4.6039018140000394],[-74.178579805999959,4.6048070890000758],[-74.178615340999954,4.6059521510000536],[-74.178643956999963,4.606651788000022],[-74.17861905999996,4.607345313000053],[-74.178618907999976,4.6084965010000474],[-74.17854897899997,4.6095253610000668],[-74.17849270399995,4.610341227000049],[-74.178340702999947,4.6115195790000598],[-74.178275604999953,4.6121859660000268],[-74.17821013799994,4.6126251580000712],[-74.17798208499994,4.6140307150000694],[-74.177698054999951,4.6154239640000583],[-74.177594915999975,4.6158754780000208],[-74.177298980999979,4.6170209950000753],[-74.177133611999977,4.617720251000037],[-74.177060246999986,4.618004337000059],[-74.176600449999967,4.6195650330000717],[-74.176337095999941,4.6204364430000737],[-74.175999694999973,4.6214098250000575],[-74.175546446999988,4.6227512810000349],[-74.17534242499994,4.6232546230000366],[-74.174699630999953,4.6249685400000544],[-74.174640791999934,4.6250994280000555],[-74.174345516999949,4.6258459920000519],[-74.17391579599996,4.6269442350000531],[-74.173840463999966,4.6271643530000688],[-74.173193793999985,4.628789040000072],[-74.172995216999936,4.6293843550000702],[-74.172515994999969,4.6306338390000406],[-74.172193331999949,4.6316797050000673],[-74.171914839999943,4.6324786270000686],[-74.171474455999942,4.6341192810000393],[-74.171413623999968,4.6343234010000742],[-74.171306623999953,4.6348193700000593],[-74.170991244999982,4.6361681650000719],[-74.170886082999971,4.6367856050000569],[-74.170666387999972,4.6380129140000577],[-74.170468666999966,4.6397489570000516],[-74.170456052999953,4.639857649000021],[-74.170448969999939,4.6400006310000208],[-74.170302920999973,4.6417023770000583],[-74.170248524999977,4.643055056000037],[-74.170234919999984,4.643547093000052],[-74.170242284999972,4.6440501950000339],[-74.170224652999934,4.6453918010000734],[-74.170237708999935,4.6467248430000723],[-74.170254416999967,4.6472365030000446],[-74.170275265999976,4.6476831130000278],[-74.170251367999981,4.6490812110000661],[-74.170217931999957,4.6503790580000555],[-74.170216112999981,4.6509259220000558],[-74.170209510999939,4.6514876740000659],[-74.170159233999982,4.6527706360000707],[-74.170075746999942,4.6538206030000424],[-74.170046327999955,4.6546153570000683],[-74.169943088999958,4.65564107900002],[-74.169851983999934,4.6564558290000377],[-74.169873472999939,4.6564664530000641],[-74.170475971999963,4.6569381800000542],[-74.170906164999963,4.6571647180000468],[-74.171357748999981,4.657253967000031],[-74.171831854999937,4.6572906720000447],[-74.172333544999958,4.6571386780000239],[-74.17264040799995,4.6568962950000241],[-74.173089158999971,4.6564691630000539],[-74.173817187999987,4.6560120770000708],[-74.174192179999977,4.6557058500000608],[-74.174327662999985,4.6555427800000757],[-74.174475671999971,4.6553623390000212],[-74.174476797999944,4.6553606430000514],[-74.17453239699995,4.655278580000072],[-74.174905125999942,4.6547287800000277],[-74.174906534999934,4.6547280740000474],[-74.175088611999968,4.6546359770000549],[-74.175412860999984,4.6544719120000764],[-74.176013660999956,4.6546227330000534],[-74.176573918999964,4.6547797700000615],[-74.177547439999955,4.6542463980000548],[-74.177700585999958,4.6540565630000401],[-74.178366108999967,4.6535712270000431],[-74.178906638999933,4.6532582100000468],[-74.179635228999985,4.6528869910000594],[-74.180073280999977,4.6526146560000257],[-74.180338398999936,4.6523024990000295],[-74.180439814999943,4.6521830730000602],[-74.180487109999945,4.6521271410000509],[-74.180487884999934,4.6521257990000322],[-74.180712598999946,4.6517414700000472],[-74.18071316299995,4.6517399850000629],[-74.181044273999987,4.6508855260000246],[-74.181045469999958,4.6508838330000231],[-74.181401230999938,4.6503595250000558],[-74.181762971999945,4.6498263190000557],[-74.181764097999974,4.6498248330000251],[-74.181878322999978,4.6496676270000421],[-74.182171024999946,4.6492648610000629],[-74.182227397999952,4.6491873160000523],[-74.182228734999967,4.6491859740000336],[-74.18272230499997,4.6487072090000652],[-74.183415405999938,4.6481354260000671],[-74.184125958999971,4.64755234200004],[-74.184802734999948,4.6471008970000298],[-74.18527063199997,4.6469890080000482],[-74.185663743999953,4.6470413260000214],[-74.185682233999955,4.6470437870000296],[-74.185864740999989,4.6471356560000459],[-74.185865866999961,4.6471362200000499],[-74.185867041999984,4.6471389080000449],[-74.185868294999977,4.6471395270000357],[-74.185955150999973,4.6473395660000278],[-74.18592300399996,4.6476778240000272],[-74.185669063999967,4.6481722950000517],[-74.185471877999987,4.6486147850000634],[-74.185143430999972,4.6490638800000283],[-74.18474165799995,4.6496795760000396],[-74.184447987999988,4.650220149000063],[-74.184160718999976,4.6508636810000326],[-74.183861645999968,4.6514615630000549],[-74.183574013999987,4.6520536610000249],[-74.183542430999978,4.6524833810000246],[-74.183706748999953,4.6527297280000539],[-74.183867228999986,4.6528432780000344],[-74.184101462999934,4.6528189720000341],[-74.184454494999954,4.6526449430000412],[-74.184806395999942,4.6523330610000357],[-74.185295679999967,4.6519923600000652],[-74.185768075999988,4.6517025050000598],[-74.186201062999942,4.6515392060000522],[-74.186525947999939,4.6514572660000226],[-74.186788897999975,4.651461207000068],[-74.18715025399996,4.6515768810000395],[-74.187158230999955,4.6515452990000199],[-74.187340162999988,4.6509234600000582],[-74.187395638999988,4.6507144570000492],[-74.187854520999963,4.6490786740000658],[-74.188077829999941,4.6482112030000735],[-74.188342887999966,4.6472338910000417],[-74.188736565999989,4.6456672040000626],[-74.188809913999989,4.6453891120000321],[-74.188984481999967,4.6446798760000547],[-74.189229162999936,4.6435443400000622],[-74.189332340999954,4.6430138350000334],[-74.18960640499995,4.6416995740000289],[-74.189876396999978,4.640270618000045],[-74.189960161999977,4.6398548120000669],[-74.190043705999983,4.6391479250000316],[-74.190219425999942,4.6380100640000705],[-74.19031167299994,4.6373384260000421],[-74.190448463999985,4.6361653220000676],[-74.19060455999994,4.634482404000039],[-74.190622380999969,4.6343205880000369],[-74.190632344999983,4.6342071370000326],[-74.190924299999949,4.6324758340000471],[-74.191239712999959,4.6315739310000481],[-74.191447279999977,4.6306310420000614],[-74.191807627999935,4.6288721910000277],[-74.191825714999936,4.6287862750000386],[-74.191850647999956,4.6286255210000604],[-74.192053607999981,4.6269415320000462],[-74.192167674999951,4.6258093250000343],[-74.19226290499995,4.6250967920000221],[-74.192614975999959,4.6236062040000547],[-74.192704566999964,4.6232520130000694],[-74.192721821999953,4.6230836760000216],[-74.19290510899998,4.6214072740000347],[-74.193020432999958,4.6199140840000723],[-74.193050715999959,4.6195625430000291],[-74.193073021999965,4.6191193810000755],[-74.193176219999941,4.6177178160000381],[-74.193216576999987,4.6165664760000595],[-74.193248675999939,4.6158730980000655],[-74.193251888999953,4.6151179420000403],[-74.193283829999984,4.6140283840000507],[-74.193266780999977,4.6129653230000258],[-74.193265261999954,4.6121836800000438],[-74.193229300999974,4.6114667630000667],[-74.193202007999957,4.6103389830000765],[-74.193099207999978,4.6089858120000713],[-74.193071212999939,4.6084942980000392],[-74.193030074999967,4.6081226970000557],[-74.192909220999979,4.606649616000027],[-74.192677022999987,4.6050460890000409],[-74.192648148999979,4.6048049510000624],[-74.19251163499996,4.6042765970000232],[-74.192193517999954,4.6029603170000541],[-74.192072125999971,4.6024073610000755],[-74.191815894999934,4.6011156700000697],[-74.191464150999934,4.5997739910000632],[-74.191341494999961,4.5992710380000403],[-74.190936874999977,4.597966288000066],[-74.190807616999962,4.5979547940000316],[-74.190723349999985,4.5979057670000429],[-74.190511823999941,4.5978526380000631],[-74.190218674999983,4.5977874280000606],[-74.189994316999957,4.5977370960000599],[-74.189795833999938,4.5976918290000413],[-74.189648786999953,4.5976598570000533],[-74.189485961999935,4.59762218700007],[-74.189100143999951,4.5975267620000295],[-74.188767375999987,4.5974542460000407],[-74.188361494999981,4.5973588970000492],[-74.187939438999933,4.5972600430000625],[-74.187802172999966,4.5972274380000613],[-74.187595170999941,4.5971777370000382],[-74.187372705999962,4.5971270880000361],[-74.187245853999968,4.5971011300000555],[-74.187155020999967,4.5970838820000495],[-74.186801335999974,4.5970039940000333],[-74.186515261999944,4.5969522660000735],[-74.186326114999986,4.5969087130000617],[-74.186187377999943,4.5968792200000621],[-74.185942403999945,4.59682704100004],[-74.185794129999977,4.5967998710000302],[-74.185370028999955,4.5967165830000454],[-74.18526494799994,4.5966937840000242],[-74.185248162999983,4.5966901420000568],[-74.185032631999945,4.5966694320000556],[-74.184718109999949,4.5965895080000223],[-74.184631556999989,4.5965657830000737],[-74.184616827999946,4.5965635070000417],[-74.18461515599995,4.5965633910000747],[-74.184479559999943,4.5965540020000617],[-74.184293572999934,4.5964965060000509],[-74.18429340299997,4.5964752300000669],[-74.184265564999976,4.5964676020000752],[-74.183944235999945,4.5963887010000235],[-74.183813616999942,4.5964569550000647],[-74.183812377999971,4.5964525590000562],[-74.183809948999965,4.5964538220000577],[-74.183808540999962,4.5964489480000452],[-74.183795919999966,4.5964040400000385],[-74.183794885999987,4.596400362000054],[-74.183710135999945,4.5960995210000419],[-74.183651147999967,4.5958901330000685],[-74.183582866999984,4.5955909150000593],[-74.183488610999973,4.5952078710000706],[-74.183434824999949,4.5948801210000738],[-74.183396035999976,4.5946445310000286],[-74.183137218999946,4.5938730810000266],[-74.183340885999939,4.5937670680000338],[-74.183289626999965,4.5936568030000444],[-74.183193639999956,4.5936642350000625],[-74.183192993999967,4.5936609100000396],[-74.183189990999949,4.5936611440000661],[-74.183129660999953,4.5933506960000727],[-74.182976706999966,4.5928513420000741],[-74.182842466999944,4.592281296000067],[-74.182662972999935,4.5916191620000291],[-74.182648401999984,4.5915606180000736],[-74.182561052999972,4.5913222060000294],[-74.182483417999947,4.5911420560000238],[-74.182381498999973,4.5909181220000619],[-74.182092497999975,4.5902350170000545],[-74.182077363999952,4.5901839600000471],[-74.181619736999949,4.589440555000067],[-74.181348054999944,4.5889147220000268],[-74.18091138799997,4.5878770380000446],[-74.180948890999957,4.5877112880000368],[-74.180948884999964,4.5875905950000515],[-74.180851323999946,4.5872061400000348],[-74.180731021999975,4.5866031130000238],[-74.180696515999955,4.5861539650000509],[-74.180685810999989,4.5860151230000383],[-74.180643217999943,4.5856538980000323],[-74.180520571999978,4.584613020000063],[-74.180445379999981,4.5839722790000224],[-74.180440382999961,4.5839554710000243],[-74.180355283999972,4.583670803000075],[-74.180340710999985,4.5835814670000445],[-74.180286997999985,4.5832529410000689],[-74.180280099999948,4.5832108500000572],[-74.180137384999966,4.5821010970000202]]],[[[-74.17289971699995,4.6753082470000322],[-74.17226317099994,4.6749441320000642],[-74.171775035999985,4.6745116080000457],[-74.171511238999983,4.6743356170000538],[-74.171249070999977,4.6744403910000756],[-74.171170243999939,4.6746242550000261],[-74.171114029999956,4.6747678930000234],[-74.17116305199994,4.6748791120000419],[-74.171162610999943,4.674881029000062],[-74.171168608999949,4.6748947980000253],[-74.17116938199996,4.6748964950000413],[-74.171193955999968,4.6751408420000757],[-74.171194166999953,4.6751427470000522],[-74.17120824899996,4.675255317000051],[-74.171301182999969,4.6759996590000696],[-74.171301464999942,4.6760017770000672],[-74.171291403999987,4.6761141350000344],[-74.171284254999989,4.6761950930000467],[-74.172113500999956,4.6758036850000622],[-74.17289971699995,4.6753082470000322]]],[[[-74.170351515999982,4.6766472510000199],[-74.170343116999959,4.6766251090000424],[-74.17028314199996,4.6764671340000632],[-74.170248086999948,4.676374691000035],[-74.170247664999977,4.6763729960000546],[-74.170095893999985,4.6757739950000428],[-74.170095475999972,4.6757724740000413],[-74.169984459999966,4.6755525460000626],[-74.169895685999961,4.6753888510000365],[-74.169895330999964,4.6753884990000643],[-74.169706606999966,4.6753209610000681],[-74.169506961999957,4.6753566730000671],[-74.169491058999938,4.6753636210000309],[-74.169259987999965,4.6755372320000674],[-74.169258791999937,4.6755380780000451],[-74.16882910299995,4.6760262930000636],[-74.168827695999937,4.6760279190000347],[-74.16853933699997,4.6763799020000647],[-74.168120205999969,4.6768619040000203],[-74.168118938999953,4.6768633860000364],[-74.167756887999985,4.6773189710000338],[-74.167746120999936,4.6773277300000586],[-74.167316735999975,4.67767565500003],[-74.16800640699995,4.677458993000073],[-74.168724599999962,4.6772932410000294],[-74.17008253399996,4.6767518220000284],[-74.170351515999982,4.6766472510000199]]],[[[-74.160455984999942,4.6784537330000262],[-74.160947825999983,4.6785368130000506],[-74.161018915999989,4.6785349870000346],[-74.162035583999966,4.6785975450000592],[-74.163066709999953,4.6786654470000713],[-74.163147038999966,4.6786689820000333],[-74.163389845999973,4.678597380000042],[-74.165001236999956,4.6782017350000729],[-74.165576777999945,4.6779923130000611],[-74.165719907999971,4.6779722710000442],[-74.165598758999977,4.6777056540000217],[-74.16552343099994,4.6770824750000202],[-74.165410441999938,4.6763647450000576],[-74.165391695999972,4.6759870770000589],[-74.165335203999973,4.6757792610000593],[-74.16522222499998,4.6756848910000599],[-74.165146905999961,4.6756093220000707],[-74.165015188999973,4.6755715400000213],[-74.164767793999943,4.6756152040000529],[-74.164551029999984,4.6756738740000401],[-74.163907679999966,4.6760102410000286],[-74.16388515999995,4.6760226610000473],[-74.163697155999955,4.6761680340000567],[-74.16332573699998,4.6764553290000208],[-74.163144216999967,4.6765957270000627],[-74.16304652499997,4.676671223000028],[-74.162881471999981,4.676798839000071],[-74.162880205999954,4.6767998280000711],[-74.162830231999976,4.676831327000059],[-74.162358091999977,4.6771289320000733],[-74.161959643999978,4.6773832480000692],[-74.161958306999963,4.6773840960000257],[-74.161605045999977,4.6775350190000609],[-74.16150988399994,4.6775756990000446],[-74.161507982999979,4.6775765470000579],[-74.16126079299994,4.6777442070000461],[-74.161083211999937,4.6778646190000472],[-74.161079622999978,4.6778670200000647],[-74.160937515999933,4.6779670930000634],[-74.160841651999988,4.6780346090000648],[-74.160549132999961,4.6782406160000392],[-74.160455984999942,4.6784537330000262]]]]},"properties":{"FID":2,"id":4,"conc_pm10":42.954573240000002,"periodo":"Anual","ano":2024,"fecha":null,"gis18_sde_":25459488.4969014,"fecha_ini":1704067200000,"fecha_fin":1735603200000,"st_area_sh":0.0020732464235399999,"st_perimet":0.55871468931299995}},{"type":"Feature","id":3,"geometry":{"type":"MultiPolygon","coordinates":[[[[-74.181266694999977,4.5233431280000218],[-74.180456731999982,4.5229629870000281],[-74.179427617999977,4.5225275580000357],[-74.178754430999959,4.5222326010000415],[-74.177643096999986,4.5217952410000635],[-74.177030735999949,4.5215394150000634],[-74.17665515799996,4.5213984830000413],[-74.175292171999956,4.5208720880000328],[-74.173965825999971,4.5204138330000205],[-74.173523347999947,4.5202573730000495],[-74.172550976999958,4.5199512150000487],[-74.171734545999982,4.5196773960000201],[-74.171353902999954,4.5195636770000647],[-74.169925649999982,4.5191323590000252],[-74.168811503999962,4.5188343120000241],[-74.16808612799997,4.5186405700000591],[-74.16634150799996,4.5182307500000434],[-74.166216083999984,4.5182018530000505],[-74.165745134999952,4.5181073620000234],[-74.164323397999965,4.5178025010000624],[-74.163930171999937,4.5177291100000616],[-74.162398137999958,4.5174597850000282],[-74.161581808999983,4.5173368880000453],[-74.160435083999971,4.5171827780000626],[-74.159297266999943,4.5170555600000739],[-74.158430521999946,4.5169779390000713],[-74.157075554999949,4.516883407000023],[-74.15637871399997,4.5168552380000619],[-74.154916877999938,4.5168207920000327],[-74.154270889999964,4.5168299280000497],[-74.152822766999975,4.5168703720000281],[-74.152093495999964,4.516925570000069],[-74.150796250999974,4.51703741700004],[-74.149825036999971,4.5171795310000675],[-74.148842137999964,4.5173302820000458],[-74.147429899999963,4.5176537280000275],[-74.146967436999944,4.5177611510000588],[-74.14590573199996,4.5181095060000303],[-74.145173800999942,4.5183328980000397],[-74.14483465099994,4.518475828000021],[-74.143463459999964,4.5190494020000642],[-74.141874937999944,4.5199545900000544],[-74.141864769999984,4.5199599420000709],[-74.141854320999983,4.5199674040000559],[-74.140354680999963,4.5210244650000391],[-74.139550910999958,4.5217995070000256],[-74.138971021999964,4.5223087130000295],[-74.13786881599998,4.5236443630000736],[-74.137713797999936,4.5238126970000394],[-74.136608205999948,4.525489182000058],[-74.136578533999966,4.5255286370000363],[-74.135618870999963,4.5273339770000689],[-74.135538732999976,4.5274104930000476],[-74.13517724999997,4.527885900000058],[-74.134296637999967,4.528940791000025],[-74.134229053999945,4.5291788010000573],[-74.133853343999988,4.5301875390000532],[-74.133542051999939,4.5310235690000695],[-74.133466470999963,4.5311869810000758],[-74.13291867199996,4.5328683310000315],[-74.132665054999961,4.5334831490000624],[-74.132298374999948,4.5347130930000503],[-74.131883417999973,4.5358136940000691],[-74.131672372999958,4.5365578540000229],[-74.131112298999938,4.5381625290000329],[-74.131046380999976,4.5384026150000523],[-74.130788596999935,4.539205503000062],[-74.130458909999959,4.5402473720000671],[-74.130356232999986,4.5405375300000514],[-74.129914491999955,4.5420921260000569],[-74.129642377999971,4.5429858950000721],[-74.129411043999937,4.543936876000032],[-74.129005272999962,4.5455676520000452],[-74.12896389499997,4.5457816220000495],[-74.128883947999952,4.5462065560000724],[-74.128599470999973,4.5476263610000274],[-74.128541972999983,4.548451468000053],[-74.128512519999958,4.5494710800000462],[-74.128324745999976,4.5508685760000276],[-74.128255365999962,4.5513158130000306],[-74.128215488999956,4.5515730570000414],[-74.128056306999952,4.5531605400000217],[-74.127908393999974,4.5547283440000683],[-74.127894788999981,4.5550052640000445],[-74.127882349999936,4.5553275250000524],[-74.127776986999947,4.5568499850000421],[-74.127709149999987,4.5580710680000607],[-74.127696168999989,4.5586947050000504],[-74.127695374999973,4.5593424380000442],[-74.127651527999944,4.5605394210000441],[-74.127643908999971,4.5616466700000728],[-74.127652356999988,4.5623841330000232],[-74.127683972999989,4.5630521290000274],[-74.127682640999979,4.5642288440000698],[-74.127761488999965,4.5655399850000435],[-74.127788158999977,4.5660735500000555],[-74.12783417299994,4.5664808930000618],[-74.127946109999982,4.5679182510000373],[-74.128213466999966,4.5695114060000606],[-74.128240335999976,4.5697629430000575],[-74.128374655999949,4.5702945410000666],[-74.128601111999956,4.5716076290000274],[-74.12874685099996,4.5722740540000473],[-74.129060061999951,4.5734523080000713],[-74.129397592999965,4.5748326960000441],[-74.129522828999939,4.5752969880000478],[-74.129277324999975,4.5755521800000452],[-74.128886223999984,4.5757216500000482],[-74.127521546999958,4.5761899460000564],[-74.126217637999957,4.5771419320000746],[-74.125997559999973,4.5772305260000508],[-74.125785680999968,4.5774216690000458],[-74.124543302999939,4.5783922870000424],[-74.124098216999982,4.5789867850000405],[-74.123276446999967,4.5798797250000689],[-74.122690876999968,4.5808315870000342],[-74.122164423999948,4.5816362420000587],[-74.121660918999964,4.582676364000065],[-74.121191995999936,4.5836353600000734],[-74.120846667999956,4.5845211260000269],[-74.120400004999965,4.585948055000074],[-74.120296965999955,4.586365871000055],[-74.12015101999998,4.5872165740000241],[-74.119939270999964,4.5882106040000394],[-74.119880436999949,4.5887341810000635],[-74.119726603999936,4.5900553280000622],[-74.119713010999988,4.5916677640000216],[-74.119694384999946,4.5919000420000202],[-74.119700952999949,4.5921113150000679],[-74.119737226999973,4.5937447510000311],[-74.119913360999988,4.5950092990000257],[-74.119953264999936,4.5955894490000446],[-74.120126346999939,4.5965396120000719],[-74.120276944999944,4.5974341410000648],[-74.120394895999937,4.5978620600000681],[-74.120663611999987,4.5992788290000703],[-74.121016158999964,4.6004719420000697],[-74.121154179999962,4.6011235100000363],[-74.12163486299994,4.6028501310000252],[-74.121666995999988,4.6029681890000234],[-74.121679635999953,4.6030084500000612],[-74.122104422999939,4.604812872000025],[-74.122292435999952,4.6056330580000235],[-74.122486268999978,4.6066575590000411],[-74.122775342999944,4.608483460000059],[-74.122778179999955,4.6085022520000507],[-74.122781802999953,4.6085322660000543],[-74.122949286999983,4.6103469510000537],[-74.123027227999955,4.6117354460000684],[-74.123062685999969,4.6121916540000711],[-74.123102686999971,4.6127788950000763],[-74.123120728999936,4.6140363600000569],[-74.123151715999938,4.615208884000026],[-74.123182143999941,4.6158810670000321],[-74.123251978999974,4.616727337000043],[-74.123276570999963,4.617725771000039],[-74.123346937999941,4.6185593700000709],[-74.123433109999951,4.6195704710000314],[-74.123660128999973,4.6211255970000593],[-74.123691667999935,4.6214151640000409],[-74.123724164999942,4.621593492000045],[-74.123993540999948,4.6232598540000254],[-74.124233724999954,4.6243975930000261],[-74.124364531999959,4.6251045400000521],[-74.124654954999983,4.626543315000049],[-74.124734692999937,4.6269492250000326],[-74.12477387499996,4.6271485270000312],[-74.125041775999989,4.6287939130000382],[-74.125198101999956,4.6301009690000683],[-74.125257423999983,4.6306386080000266],[-74.125290997999969,4.6313375540000266],[-74.125341146999972,4.6324833120000335],[-74.125303122999981,4.6336082670000565],[-74.125289985999984,4.6343280250000589],[-74.125244185999975,4.6349451990000716],[-74.125112662999982,4.6361727460000566],[-74.124863158999972,4.6379720880000264],[-74.124855427999989,4.6380174720000582],[-74.12484238899998,4.6380989670000758],[-74.124567949999971,4.6398622000000387],[-74.124425896999981,4.6409012640000356],[-74.124253758999942,4.6417069300000549],[-74.123986446999936,4.643276606000029],[-74.123938023999983,4.643551660000071],[-74.123917258999938,4.6437064190000683],[-74.123638466999978,4.6453963880000515],[-74.123499392999975,4.6466693100000498],[-74.123421483999948,4.6472411100000386],[-74.123368558999971,4.6480404410000347],[-74.123266497999964,4.6490858300000468],[-74.123230647999947,4.6498913290000701],[-74.12316442499997,4.6509305440000617],[-74.123155526999938,4.6521005570000398],[-74.123149489999946,4.652775254000062],[-74.123194301999945,4.6535171760000367],[-74.123238126999979,4.6546199560000332],[-74.123333940999942,4.655480275000059],[-74.123424827999941,4.6564646520000679],[-74.123692023999979,4.6580710340000451],[-74.123725977999982,4.6583093410000629],[-74.123756153999977,4.6584362380000357],[-74.124149655999986,4.66015402000005],[-74.124404397999967,4.6609993310000277],[-74.124705124999934,4.6619986910000648],[-74.125209613999971,4.6632895930000586],[-74.125433835999957,4.6638433490000466],[-74.126168825999969,4.6653121940000233],[-74.126371843999948,4.6656879930000628],[-74.127267625999934,4.6670921790000648],[-74.127586770999983,4.6675326140000379],[-74.128496484999971,4.6686461070000291],[-74.129222499999969,4.6693772030000673],[-74.129856184999937,4.6699726220000457],[-74.13100473999998,4.6707775210000477],[-74.131350624999982,4.6710649440000225],[-74.131609000999958,4.671221729000024],[-74.132931409999969,4.672007188000066],[-74.134093459999974,4.6724553820000665],[-74.134625784999969,4.672751996000045],[-74.135738422999964,4.6730661060000216],[-74.13644643799995,4.6732773130000282],[-74.136696960999984,4.6732901300000549],[-74.138306506999982,4.6737341150000589],[-74.13909425099996,4.6737665670000297],[-74.14021502099996,4.674106709000057],[-74.141467240999987,4.6742007710000735],[-74.14214530199996,4.6744414660000757],[-74.143983835999961,4.674884468000073],[-74.144007176999935,4.6748951250000346],[-74.144040271999984,4.6749100740000245],[-74.14565825699998,4.6757151950000662],[-74.147181806999981,4.6767520050000257],[-74.147183866999967,4.6767533660000709],[-74.147185522999962,4.6767544740000631],[-74.148503597999934,4.6781494060000455],[-74.149017360999949,4.6785989950000726],[-74.14972630699998,4.6797141020000481],[-74.150386010999966,4.6804435600000716],[-74.150878241999976,4.6814018280000482],[-74.151571698999987,4.6822881420000613],[-74.151977717999955,4.6831807490000301],[-74.152646182999945,4.6841327330000695],[-74.153030661999935,4.6850405630000296],[-74.153640248999977,4.6859773310000605],[-74.15404478399995,4.6869678660000318],[-74.154575211999941,4.6878219330000661],[-74.155028269999946,4.688948430000039],[-74.155462510999939,4.6896665410000651],[-74.155986979999966,4.690972069000054],[-74.156309193999959,4.6915111510000429],[-74.156925353999952,4.69303106600006],[-74.157119468999952,4.6933557640000458],[-74.157846738999979,4.6951196040000696],[-74.157893465999962,4.6952003800000739],[-74.158105662999958,4.6957309720000353],[-74.158615037999937,4.6970450010000491],[-74.15868881199998,4.6973460140000611],[-74.159343537999973,4.6988896210000348],[-74.159532178999939,4.699570182000059],[-74.160161538999944,4.7007342290000338],[-74.160470996999948,4.7016284410000253],[-74.161151535999977,4.702578815000038],[-74.161567640999976,4.7034123650000765],[-74.162048089999985,4.7044234100000608],[-74.162423176999937,4.70561540500006],[-74.162541730999976,4.7058468990000506],[-74.162560681999935,4.7058454260000531],[-74.163111822999952,4.7058247220000453],[-74.163676548999945,4.7058247080000228],[-74.163992874999963,4.7058021730000519],[-74.16414188899995,4.7057915760000242],[-74.164277033999952,4.7057819680000534],[-74.164302302999943,4.7057801320000294],[-74.164303639999957,4.7057797780000215],[-74.164709214999959,4.7056644440000355],[-74.165274498999963,4.7054028490000519],[-74.165273020999962,4.705401719000065],[-74.165305694999972,4.705390489000024],[-74.165537468999958,4.7053108230000475],[-74.165885463999984,4.7051147710000691],[-74.166393380999978,4.7049187120000511],[-74.167164265999986,4.7046186930000431],[-74.16780394999995,4.7044514440000285],[-74.16833552199995,4.704398321000042],[-74.168912708999983,4.7044598830000268],[-74.169958966999957,4.7045897910000463],[-74.170558676999974,4.7046457030000397],[-74.17119329999997,4.7046439850000752],[-74.171872963999988,4.70448803000005],[-74.172507013999962,4.7042625860000271],[-74.173448513999972,4.7038710270000479],[-74.174156893999964,4.703680041000041],[-74.175265076999949,4.7034195470000668],[-74.176161531999981,4.7031709240000623],[-74.176818105999985,4.7029918010000529],[-74.176995192999982,4.7027788720000672],[-74.177033474999973,4.7025827550000372],[-74.177034038999977,4.7025797900000725],[-74.177033617999939,4.7025784470000644],[-74.176886625999941,4.7021103090000338],[-74.176879515999985,4.7020875680000245],[-74.176878811999984,4.7020856610000692],[-74.176754400999982,4.7017577960000381],[-74.17615398199996,4.7013124580000749],[-74.175730610999949,4.7010898300000576],[-74.175313005999953,4.700867201000051],[-74.174529518999975,4.7006051720000528],[-74.173809376999941,4.7005724710000436],[-74.173020945999951,4.7006316110000625],[-74.172038266999948,4.700748519000058],[-74.17102702699998,4.700865426000064],[-74.170301663999965,4.7009989570000243],[-74.169393131999982,4.701046887000075],[-74.169221223999955,4.7008580570000618],[-74.169220795999934,4.7008564850000312],[-74.169219204999933,4.7008547490000296],[-74.169218288999957,4.7008532660000242],[-74.169218007999973,4.7008522060000359],[-74.169169223999972,4.7006713480000712],[-74.16914458499997,4.7005801080000538],[-74.169144020999966,4.7005779890000667],[-74.16920003499996,4.7001044040000579],[-74.169200245999946,4.7001022850000709],[-74.169265750999955,4.699312882000072],[-74.169266665999942,4.6993114700000547],[-74.169625415999974,4.6987536940000609],[-74.170247059999951,4.6981276900000353],[-74.171039883999981,4.6974604380000642],[-74.171730227999944,4.696948553000027],[-74.172390248999989,4.6960600830000203],[-74.172391266999966,4.6960587160000387],[-74.172391828999935,4.6960393410000734],[-74.172392891999948,4.6959941580000759],[-74.17240695299995,4.6955102640000632],[-74.172407022999948,4.6955078630000457],[-74.172423264999964,4.6950687410000569],[-74.172423124999966,4.6950666220000699],[-74.172370167999986,4.6943715740000584],[-74.172370026999943,4.6943695070000331],[-74.172369819999972,4.6943672080000738],[-74.172222009999984,4.6939530520000403],[-74.171747695999954,4.6935193180000283],[-74.171427311999935,4.6933422430000746],[-74.171266753999987,4.6930961030000731],[-74.171265588999972,4.6930926650000515],[-74.17126426699997,4.6930906210000671],[-74.171121013999937,4.692667889000063],[-74.171103554999945,4.6926157720000674],[-74.171053575999963,4.6924661290000245],[-74.170873576999952,4.6919243310000525],[-74.170873154999981,4.6919225660000734],[-74.170749043999933,4.691367562000039],[-74.170723629999941,4.6912538620000532],[-74.170722996999984,4.6912520950000385],[-74.170714477999979,4.691224696000063],[-74.170713421999949,4.6912212350000573],[-74.170516457999952,4.6905892560000666],[-74.170515682999962,4.6905877730000611],[-74.170281573999944,4.690151677000074],[-74.17013372699995,4.6898764600000504],[-74.169504040999982,4.6893618590000301],[-74.168880486999967,4.689076678000049],[-74.168251348999945,4.6888200620000475],[-74.168005114999971,4.6885912790000361],[-74.167735905999962,4.6883281460000603],[-74.167735189999973,4.6883258810000257],[-74.167732866999984,4.6883236170000373],[-74.167636215999948,4.6880157110000482],[-74.167635721999943,4.6880140180000467],[-74.167705255999977,4.6877121810000517],[-74.167736995999974,4.6875743280000393],[-74.167737558999988,4.6875719270000218],[-74.168171129999962,4.6871928220000427],[-74.168490392999956,4.6868769940000448],[-74.169014061999974,4.6866272620000586],[-74.169224088999954,4.6864080480000325],[-74.169507881999948,4.6862192690000484],[-74.169509218999963,4.6862183510000364],[-74.169513228999961,4.68621390200002],[-74.169763515999989,4.6859408040000403],[-74.170069825999974,4.6855718690000572],[-74.170386058999952,4.6851532890000271],[-74.17038725499998,4.6851514520000705],[-74.170740364999972,4.6846157810000477],[-74.170765279999955,4.684577928000067],[-74.170766405999984,4.6845763730000272],[-74.17108897199995,4.6841272140000569],[-74.172591263999948,4.6831780150000668],[-74.173098035999942,4.6829570930000273],[-74.173377323999944,4.68281810000002],[-74.173683635999964,4.6826111690000403],[-74.173685113999966,4.6826101800000401],[-74.173853044999987,4.6823353170000246],[-74.173853748999989,4.682333199000027],[-74.173854663999975,4.682329032000041],[-74.174019898999973,4.68154951300005],[-74.174020322999979,4.681547465000051],[-74.174086824999961,4.6812281850000659],[-74.174087175999944,4.6812259950000339],[-74.17409695799995,4.681160883000075],[-74.174099349999949,4.681144851000056],[-74.174116659999981,4.6810289620000276],[-74.174133547999986,4.6809158270000353],[-74.174158035999938,4.680752127000062],[-74.17415824699998,4.6807505020000235],[-74.174189620999982,4.680287723000049],[-74.174189761999969,4.6802858860000356],[-74.174199119999969,4.6801817900000628],[-74.17420967299995,4.6800635720000514],[-74.174248156999965,4.679634123000028],[-74.174248650999971,4.6796322880000503],[-74.174521424999966,4.6786063670000431],[-74.174522127999978,4.6786046000000283],[-74.174690122999948,4.67816399000003],[-74.174690754999972,4.6781621550000523],[-74.174875425999971,4.6776300190000484],[-74.17487627099996,4.6776283940000667],[-74.175004714999943,4.6773767660000658],[-74.175005559999988,4.6773751420000735],[-74.175012867999953,4.67711236100007],[-74.175014695999948,4.6770456950000607],[-74.175015046999988,4.6770331960000249],[-74.175014765999947,4.677031148000026],[-74.174985546999949,4.6768155420000426],[-74.174984560999974,4.6768140600000265],[-74.17498244899997,4.6768101050000723],[-74.174853121999945,4.6765719690000651],[-74.174579961999939,4.6764485030000742],[-74.174230574999967,4.6762901410000381],[-74.17422812999996,4.6762875320000603],[-74.174227683999959,4.6762873300000365],[-74.17422346099994,4.676282810000032],[-74.173931085999982,4.6759707780000213],[-74.173484405999943,4.6756988030000457],[-74.173105734999979,4.6754260930000555],[-74.17289971699995,4.6753082470000322],[-74.172113500999956,4.6758036850000622],[-74.171284254999989,4.6761950930000467],[-74.171259460999977,4.6764758560000246],[-74.171259319999933,4.676477693000038],[-74.171256655999969,4.676748807000024],[-74.171255463999955,4.6768713330000651],[-74.171255463999955,4.6768731700000217],[-74.171176850999984,4.6771062210000309],[-74.171176215999935,4.6771080580000444],[-74.170955707999951,4.6773563700000409],[-74.170715407999978,4.6772891450000316],[-74.170585263999953,4.6772270740000295],[-74.170570263999934,4.6772199180000484],[-74.170552176999934,4.6772127180000211],[-74.170551496999963,4.6772109650000289],[-74.170549295999933,4.6772099150000486],[-74.170548380999946,4.6772075140000311],[-74.170473835999985,4.6770154980000598],[-74.170409918999951,4.6768121120000501],[-74.170387041999959,4.6767407850000495],[-74.170386406999967,4.676739231000056],[-74.170351515999982,4.6766472510000199],[-74.17008253399996,4.6767518220000284],[-74.168724599999962,4.6772932410000294],[-74.16800640699995,4.677458993000073],[-74.167316735999975,4.67767565500003],[-74.16727947399994,4.6777058480000733],[-74.166842882999958,4.678091099000028],[-74.166841827999974,4.6780920160000505],[-74.166528684999946,4.6782205550000526],[-74.166277335999951,4.6782221170000753],[-74.166189283999984,4.6782092650000209],[-74.16612199399998,4.6781995230000462],[-74.166088701999968,4.6781946500000231],[-74.166080888999943,4.6781909770000425],[-74.166053160999979,4.6781778670000449],[-74.165881120999984,4.67817787000007],[-74.16577102499997,4.678084765000051],[-74.165769999999952,4.6780825090000349],[-74.165768161999949,4.6780820190000441],[-74.165767599999981,4.6780805350000492],[-74.165762402999974,4.678065790000062],[-74.165719907999971,4.6779722710000442],[-74.165576777999945,4.6779923130000611],[-74.165001236999956,4.6782017350000729],[-74.163389845999973,4.678597380000042],[-74.163147038999966,4.6786689820000333],[-74.163066709999953,4.6786654470000713],[-74.162035583999966,4.6785975450000592],[-74.161018915999989,4.6785349870000346],[-74.160947825999983,4.6785368130000506],[-74.160455984999942,4.6784537330000262],[-74.160424554999963,4.6785256440000467],[-74.16042392199995,4.6785271260000627],[-74.160278084999959,4.6786930180000468],[-74.160276677999946,4.6786945730000298],[-74.160227719999966,4.678818293000063],[-74.160228380999968,4.6788204160000646],[-74.160663246999945,4.6792060710000669],[-74.160881164999978,4.6793478740000296],[-74.161184670999944,4.6794834600000286],[-74.161506198999973,4.6797054850000563],[-74.161787181999955,4.6798580200000401],[-74.162108147999959,4.680113944000027],[-74.162372804999961,4.6803704330000642],[-74.162528221999935,4.6805930270000431],[-74.162580170999945,4.6807705660000352],[-74.162580734999949,4.6807724030000486],[-74.162580874999946,4.6807740960000501],[-74.162592421999989,4.6809279090000473],[-74.162592702999973,4.6809315090000609],[-74.162592280999945,4.6809324990000505],[-74.162518450999983,4.6810923170000365],[-74.162492196999949,4.681149236000067],[-74.162491351999961,4.6811510740000699],[-74.162394925999934,4.6812417530000516],[-74.162338688999967,4.6812933080000221],[-74.162337140999966,4.6812947200000394],[-74.162099945999955,4.6816005830000336],[-74.161418339999955,4.6822179670000423],[-74.160980967999933,4.6826103460000468],[-74.160964427999943,4.6826189610000597],[-74.160911779999935,4.6826465050000365],[-74.160069967999959,4.6830859950000558],[-74.159532992999971,4.6830720230000225],[-74.159527642999933,4.6830686340000511],[-74.159231453999951,4.6828806450000684],[-74.159229060999962,4.6828790920000642],[-74.159103561999984,4.6827263430000698],[-74.158935303999954,4.6825972590000333],[-74.158690605999936,4.6822950720000449],[-74.158427078999978,4.6819929760000605],[-74.158144720999985,4.6815396500000475],[-74.157805874999951,4.681029737000074],[-74.157542346999946,4.6805576070000257],[-74.15735413799996,4.6802743120000514],[-74.15715316099994,4.6798879860000397],[-74.157033737999939,4.6797636170000487],[-74.15683714499994,4.6793577600000731],[-74.156837636999967,4.6793558550000398],[-74.156817923999938,4.6789843880000603],[-74.156809682999949,4.6786245760000611],[-74.15681038699995,4.678622669000049],[-74.156868664999934,4.6784720340000376],[-74.156870667999954,4.6784668550000674],[-74.156864649999989,4.6784045940000283],[-74.157006914999954,4.6781151310000268],[-74.157022733999952,4.6780743650000431],[-74.157023506999963,4.678072458000031],[-74.157024421999949,4.6780714690000309],[-74.157029277999982,4.6780661000000237],[-74.157053960999974,4.6780386210000415],[-74.157259976999967,4.6777624280000509],[-74.157264605999956,4.6777575260000503],[-74.157227149999983,4.6777459200000635],[-74.156099351999956,4.6774905440000225],[-74.155408122999972,4.6772177870000746],[-74.154210685999942,4.6767537400000379],[-74.153649997999935,4.6765837880000731],[-74.153422717999945,4.676528873000052],[-74.151925409999933,4.675891497000066],[-74.150622296999984,4.675352106000048],[-74.150236013999972,4.6751380310000741],[-74.149847469999941,4.6749094980000336],[-74.148562030999983,4.6743577760000221],[-74.147700501999964,4.673964432000048],[-74.146898998999973,4.6735584900000617],[-74.14596632699994,4.673065182000073],[-74.145253575999959,4.67272859600007],[-74.144649876999949,4.6723528880000345],[-74.14362216699999,4.6718743440000594],[-74.14250765099996,4.6712208040000291],[-74.142054418999976,4.6709094400000595],[-74.141380830999935,4.6703618010000696],[-74.140545866999958,4.6698416440000301],[-74.139920213999972,4.6693763320000699],[-74.139128036999978,4.6686161580000203],[-74.138039539999966,4.667531790000055],[-74.137812704999988,4.6672125150000738],[-74.136673273999975,4.6656872000000362],[-74.136624633999986,4.6655876730000614],[-74.135648300999947,4.6638425780000716],[-74.135595135999949,4.6636872050000306],[-74.13489538999994,4.6619979320000766],[-74.134764368999981,4.6614413110000328],[-74.134377856999947,4.6601532670000552],[-74.134159310999962,4.658803095000053],[-74.134051728999964,4.6583085860000324],[-74.133977065999943,4.6574975330000257],[-74.133877574999985,4.6564638920000334],[-74.133876236999981,4.6556052100000329],[-74.133832644999984,4.6546191880000265],[-74.133868541999959,4.6536200590000476],[-74.133908608999945,4.6527744740000685],[-74.133999194999944,4.651701557000024],[-74.134045154999967,4.6509297550000497],[-74.134103453999955,4.650339334000023],[-74.134248480999986,4.6490850310000269],[-74.134484221999969,4.6473120490000497],[-74.134495480999988,4.647240302000057],[-74.134514443999933,4.6471160050000435],[-74.134759980999945,4.6453955720000408],[-74.134900363999975,4.6443462350000573],[-74.135021447999975,4.6435508430000709],[-74.135181563999936,4.6422664520000581],[-74.135251402999984,4.641706116000023],[-74.135286980999979,4.6413291230000482],[-74.13544236499996,4.6398613910000677],[-74.135548196999935,4.6380941180000264],[-74.13555383399995,4.6380166740000277],[-74.135548503999985,4.6379386750000435],[-74.13546063299998,4.6361719730000459],[-74.135399160999953,4.6345083320000526],[-74.13539597099998,4.634327269000039],[-74.13537925299994,4.6341116630000556],[-74.135259520999966,4.6324825720000717],[-74.135098824999943,4.6313404620000256],[-74.135019039999975,4.6306378820000305],[-74.134805458999949,4.6294257240000434],[-74.134694671999966,4.6287931990000288],[-74.134619793999946,4.6284832190000316],[-74.134302505999983,4.6269485220000206],[-74.134006953999972,4.625858580000056],[-74.133831541999939,4.6251038500000732],[-74.133342289999973,4.6233240350000528],[-74.133326287999978,4.6232591800000478],[-74.133277182999961,4.62308120900002],[-74.132794013999955,4.621414512000058],[-74.132622053999967,4.6208860950000599],[-74.13223112299994,4.6195698470000366],[-74.131893745999946,4.6184621970000421],[-74.13170757499995,4.617725177000068],[-74.131225718999985,4.6159335190000661],[-74.131212931999983,4.6158805050000637],[-74.131181746999971,4.6157510930000285],[-74.130728911999938,4.6140358310000238],[-74.130556168999988,4.6134074970000256],[-74.130262639999955,4.6121911560000513],[-74.129923044999941,4.6108181630000331],[-74.129821438999954,4.6103464780000536],[-74.129595327999937,4.6093054210000446],[-74.129403225999965,4.6085017990000665],[-74.129325735999942,4.60816657700002],[-74.129000776999987,4.6066571170000543],[-74.128762735999942,4.6054553630000328],[-74.128635208999981,4.6048124330000633],[-74.128426323999975,4.6035850520000281],[-74.128309469999976,4.6029677460000471],[-74.128262999999947,4.6026341800000523],[-74.128017917999955,4.6011230560000627],[-74.127871048999964,4.5996256390000667],[-74.127824209999972,4.5992783590000386],[-74.127797296999972,4.5988029930000494],[-74.127697216999934,4.5974336560000211],[-74.127734758999964,4.5961726840000665],[-74.127724971999953,4.5955889440000419],[-74.127760780999949,4.595050565000065],[-74.12783382899994,4.5937442250000231],[-74.128137623999976,4.5920164590000354],[-74.128157586999976,4.5918994910000492],[-74.128244040999959,4.5915975080000635],[-74.128627574999939,4.5900547450000317],[-74.12882297799996,4.5895184790000485],[-74.129351431999964,4.5882099820000235],[-74.129745932999981,4.5874334010000553],[-74.130298875999983,4.5863652010000351],[-74.130803321999963,4.5855819460000475],[-74.131527480999978,4.584520398000052],[-74.131984982999938,4.5839464570000246],[-74.133020974999965,4.5826755720000278],[-74.133239527999933,4.5824376290000259],[-74.134045454999978,4.5815125290000651],[-74.134512414999961,4.580960684000047],[-74.134623344999966,4.5808307340000738],[-74.135757167999941,4.5794348540000556],[-74.136141665999958,4.5789858990000312],[-74.136964388999957,4.5778438090000577],[-74.137543566999966,4.5771410710000282],[-74.138142599999981,4.5762023600000248],[-74.138893869999947,4.5752962450000609],[-74.13933809699995,4.5745909570000549],[-74.140335308999965,4.5734514080000395],[-74.140588993999984,4.5730758330000754],[-74.141663487999949,4.5719590930000322],[-74.141915707999942,4.5716924660000586],[-74.142029995999962,4.5716065450000656],[-74.143302949999963,4.5704142880000518],[-74.144293561999973,4.5697616260000586],[-74.144808850999937,4.5693423130000497],[-74.145526402999963,4.5689335270000697],[-74.146413492999955,4.5684419250000587],[-74.147800105999977,4.5679165790000411],[-74.148142800999949,4.5677581770000302],[-74.148364976999972,4.5676887110000735],[-74.14998554999994,4.5672715610000409],[-74.150800855999989,4.5671439640000244],[-74.151988034999988,4.5670625140000425],[-74.152975779999963,4.5670528800000625],[-74.154184903999976,4.5671912420000353],[-74.154958796999949,4.5672954290000689],[-74.156661245999942,4.5678055970000742],[-74.15677016799998,4.5678363890000355],[-74.15693095499995,4.5679156260000582],[-74.158473632999971,4.5685649530000205],[-74.159714079999958,4.5694216760000472],[-74.160001705999946,4.569598448000022],[-74.160171921999961,4.5697599710000532],[-74.161422237999943,4.5708189140000286],[-74.162021256999935,4.5716044660000534],[-74.162660134999953,4.5723569110000426],[-74.163236843999982,4.5734490320000418],[-74.163704623999934,4.5742311700000755],[-74.164055750999978,4.5752936450000448],[-74.164571764999948,4.5764137720000235],[-74.164705254999944,4.5771382770000741],[-74.165617706999967,4.5782855220000442],[-74.167040490999966,4.5789826990000506],[-74.167280553999944,4.5790847380000628],[-74.167425106999985,4.579131817000075],[-74.169427417999941,4.5790424460000736],[-74.169507193999948,4.5790609880000375],[-74.171530288999975,4.5790766340000459],[-74.171656858999938,4.5791075750000232],[-74.173524388999965,4.579299929000058],[-74.173973956999987,4.5794450790000383],[-74.175385281999979,4.5797548170000368],[-74.176559958999974,4.5802498010000363],[-74.177115568999966,4.5804367810000599],[-74.177855723999983,4.58082597300006],[-74.17876787299997,4.5812543300000357],[-74.179557711999962,4.5817699210000455],[-74.180137384999966,4.5821010970000202],[-74.179994620999935,4.5809909610000545],[-74.179937088999964,4.5802382130000296],[-74.179919413999983,4.580007212000055],[-74.179698427999938,4.5783696600000212],[-74.179692114999966,4.5783228600000712],[-74.179579550999961,4.5777952540000229],[-74.179555275999974,4.5776946180000664],[-74.179523685999982,4.5775341520000552],[-74.179414041999962,4.5771153740000727],[-74.179393437999977,4.5769990150000694],[-74.17939341899995,4.5769988990000456],[-74.179393335999976,4.5769984340000747],[-74.179393072999972,4.5769969440000295],[-74.179392920999987,4.5769960840000294],[-74.179377661999979,4.5769950350000386],[-74.179288081999971,4.576988975000063],[-74.17927797599998,4.5769911700000421],[-74.178899785999988,4.577073298000073],[-74.178800786999943,4.5771178530000611],[-74.178667085999962,4.5772000250000247],[-74.178636683999969,4.5772308820000376],[-74.178538026999945,4.5773053940000636],[-74.178303825999933,4.5775019620000421],[-74.178064319999976,4.577624166000021],[-74.177843017999976,4.5777425790000734],[-74.177704396999957,4.5775743490000309],[-74.177701357999979,4.577570660000049],[-74.177684024999962,4.5775834560000703],[-74.177661222999973,4.5775623400000427],[-74.177566492999972,4.5774747050000428],[-74.176950825999938,4.5770156920000318],[-74.176635250999936,4.5767686740000499],[-74.176468452999984,4.5766281430000504],[-74.17610868099996,4.5763251950000381],[-74.176084118999938,4.5762980770000468],[-74.176065679999965,4.5762664400000403],[-74.176054206999936,4.5762316960000362],[-74.17605019399997,4.5761953270000504],[-74.176051318999953,4.5761840950000305],[-74.176053850999949,4.5761588140000526],[-74.175988526999959,4.5757881270000667],[-74.175969450999958,4.5756797940000524],[-74.175937844999964,4.5755006310000681],[-74.175929609999969,4.5754643300000453],[-74.175905623999938,4.5754565170000205],[-74.175806749999936,4.5754675780000298],[-74.175699372999986,4.5754795090000471],[-74.175698957999941,4.575460693000025],[-74.175667109999949,4.5754637770000386],[-74.175633681999955,4.5754884960000481],[-74.175523471999952,4.5754685850000669],[-74.175485500999969,4.5754126370000563],[-74.175403091999954,4.575403136000034],[-74.175295714999947,4.5753907570000365],[-74.175324356999965,4.5752939600000673],[-74.175333592999948,4.5751850840000543],[-74.175323030999948,4.5751702900000737],[-74.175297271999966,4.5751450080000495],[-74.175267572999985,4.5751244600000405],[-74.175120063999941,4.5750588590000234],[-74.17511731999997,4.5750575850000246],[-74.175115137999967,4.5750566700000377],[-74.175012739999943,4.5750111220000349],[-74.175005470999963,4.5745420570000306],[-74.175074619999975,4.5737335850000704],[-74.175161645999935,4.5730395870000393],[-74.175397639999971,4.571887676000074],[-74.175399890999984,4.5718767990000515],[-74.175416707999943,4.5717943850000324],[-74.175582436999946,4.5717018650000227],[-74.175593202999949,4.5716958610000233],[-74.175922910999986,4.5716714140000363],[-74.175929947999975,4.5716709180000521],[-74.176202930999978,4.5715907520000201],[-74.176329041999963,4.5715537430000381],[-74.17642897199994,4.571484387000055],[-74.176579217999972,4.5713802150000333],[-74.176661412999977,4.5713007640000569],[-74.176936921999982,4.571034227000041],[-74.177118622999956,4.5708841500000403],[-74.177300536999951,4.5707338600000753],[-74.178463249999936,4.5701881900000672],[-74.178513427999974,4.5701646710000432],[-74.178465413999959,4.5697868510000603],[-74.178463866999948,4.5697806350000292],[-74.178449576999981,4.5697222340000394],[-74.178395167999952,4.5695006980000699],[-74.178210702999934,4.5692267660000425],[-74.178107874999966,4.5689810790000251],[-74.178060013999982,4.5688666760000274],[-74.178054242999963,4.5688483860000701],[-74.178053820999935,4.5688470430000621],[-74.178026393999971,4.5687597190000702],[-74.17782105799995,4.5681059550000214],[-74.177903213999969,4.5671214930000588],[-74.177906238999981,4.5670853350000584],[-74.17792499899997,4.5664205080000215],[-74.177925409999943,4.5661436020000679],[-74.177926021999951,4.5656696630000511],[-74.177938040999948,4.5653138730000364],[-74.177945350999948,4.565096431000029],[-74.177890078999951,4.5644720710000684],[-74.17780053599995,4.5638422060000607],[-74.177560730999971,4.5629211050000436],[-74.177407846999984,4.5622114400000555],[-74.17740693099995,4.5622094630000447],[-74.17733450999998,4.5620537460000605],[-74.177083742999969,4.5615143530000637],[-74.176883940999971,4.5612748140000576],[-74.176508406999972,4.5608244780000291],[-74.176503056999934,4.5608103550000578],[-74.176380732999974,4.5604869840000219],[-74.176328260999981,4.5594042950000357],[-74.176369420999947,4.5592139690000408],[-74.176444917999959,4.5588648150000495],[-74.176608808999958,4.5586020970000618],[-74.176778609999985,4.5583297750000611],[-74.176871425999934,4.5581895880000616],[-74.17696529899996,4.5580477780000592],[-74.176963890999957,4.5580444580000403],[-74.176877605999948,4.557843756000068],[-74.176803140999937,4.5576705260000381],[-74.176645549999989,4.5570946880000633],[-74.176452486999949,4.5563890500000639],[-74.176453260999949,4.5563745720000384],[-74.176473018999957,4.5560049400000366],[-74.176565955999934,4.5553338240000585],[-74.176694296999983,4.5548458970000638],[-74.177056415999971,4.5543107130000635],[-74.177058864999935,4.5539472980000255],[-74.177059423999935,4.553863682000042],[-74.176975040999935,4.5537399570000616],[-74.176917246999949,4.5536552270000357],[-74.176896443999965,4.5536512160000484],[-74.176896671999941,4.5536488950000376],[-74.176892418999955,4.5536480830000414],[-74.176893193999945,4.5536399610000444],[-74.176899803999959,4.5535729420000735],[-74.176906317999965,4.5535069410000233],[-74.176743216999967,4.5535067700000695],[-74.176425236999989,4.5533600700000534],[-74.176150501999984,4.5534143150000546],[-74.175947823999934,4.5533058490000258],[-74.175946316999955,4.5533040770000639],[-74.175943769999947,4.5533027140000399],[-74.175788494999949,4.5531201960000658],[-74.175330781999946,4.5530256440000585],[-74.174898412999937,4.5531748080000511],[-74.174713753999981,4.5531748140000445],[-74.174173266999958,4.5524381110000718],[-74.174021993999986,4.5524913150000543],[-74.173934731999964,4.5521325840000486],[-74.173760055999935,4.5515892250000434],[-74.173796701999947,4.5510445960000538],[-74.173890276999941,4.5504823370000622],[-74.173858825999957,4.5500183400000651],[-74.173941050999986,4.5494504780000398],[-74.174121012999933,4.5490023860000406],[-74.174521743999946,4.548237633000042],[-74.174946710999961,4.547679161000076],[-74.175553993999984,4.5470678930000759],[-74.176104525999961,4.5465257770000562],[-74.176290974999972,4.5461980000000608],[-74.176379777999955,4.5457904970000413],[-74.176240507999978,4.5454303690000302],[-74.176011258999949,4.5452827600000205],[-74.175746964999973,4.545020715000021],[-74.175582615999986,4.5447002780000503],[-74.175527253999974,4.5445923390000758],[-74.17522188099997,4.5441471550000756],[-74.174511978999988,4.5438592680000625],[-74.174076812999942,4.5436728860000244],[-74.173810891999949,4.5431473380000398],[-74.173630905999971,4.5426669850000394],[-74.173256352999942,4.5421134160000634],[-74.17322119399995,4.5410534480000706],[-74.173377911999978,4.5405252670000209],[-74.173763334999933,4.5400586370000724],[-74.174172451999937,4.5397351930000696],[-74.174747307999951,4.5394107490000692],[-74.175419085999977,4.5390798830000563],[-74.176170215999946,4.5386339420000468],[-74.176704804999986,4.5382925040000259],[-74.177090585999963,4.5378717920000327],[-74.177367463999985,4.5373886230000267],[-74.177726048999943,4.5371915510000349],[-74.17809067099995,4.537063268000054],[-74.178757222999934,4.5367897090000611],[-74.179486465999958,4.5365158780000456],[-74.180376136999939,4.5363269190000324],[-74.18117437899997,4.5361156370000231],[-74.181665380999959,4.5360954590000233],[-74.182658189999984,4.5359689570000228],[-74.183508318999941,4.5358547530000237],[-74.183958418999964,4.5356686110000624],[-74.184185489999948,4.5354666590000647],[-74.184725837999963,4.5351021640000226],[-74.185078655999973,4.5349051780000309],[-74.185516861999986,4.5346559410000395],[-74.185937045999935,4.5342693930000451],[-74.186744910999948,4.533782942000073],[-74.187160326999958,4.5335454550000236],[-74.187909689999969,4.5330624740000758],[-74.187907652999968,4.5330594170000609],[-74.187231606999944,4.5320461140000248],[-74.187226987999964,4.5320391910000239],[-74.186978021999948,4.5317700170000421],[-74.186707056999978,4.5313419200000453],[-74.186252785999955,4.5308289490000675],[-74.185994530999949,4.5306299120000517],[-74.185355956999956,4.5298717080000301],[-74.184896919999971,4.5295134930000245],[-74.184540385999981,4.5291088110000715],[-74.183245403999933,4.5274663900000292],[-74.183150259999934,4.5268652680000514],[-74.183146723999982,4.5262921650000294],[-74.183174775999987,4.5260921130000611],[-74.182384624999941,4.5249537420000365],[-74.181266694999977,4.5233431280000218]]],[[[-74.18715025399996,4.6515768810000395],[-74.18726357099996,4.6516131550000637],[-74.18757889699998,4.6517713280000521],[-74.188296274999971,4.6523402090000445],[-74.188892581999937,4.6527034470000217],[-74.189317151999944,4.6530101990000503],[-74.189908399999979,4.6534762600000477],[-74.190682649999985,4.6540101070000333],[-74.191078501999982,4.6542773110000439],[-74.19153235999994,4.6546981840000399],[-74.192156821999959,4.6549981410000214],[-74.192951884999957,4.6551766190000308],[-74.193550986999981,4.655144377000056],[-74.193927671999973,4.6550556510000547],[-74.194263815999989,4.6549392450000369],[-74.194562917999974,4.6545489740000221],[-74.19456341199998,4.6545475620000616],[-74.194720333999953,4.6540727650000235],[-74.194720967999956,4.6540708590000577],[-74.194836230999954,4.6537084240000581],[-74.194871837999983,4.6535962760000302],[-74.194872539999949,4.6535946500000591],[-74.194900407999967,4.653529183000046],[-74.195186963999959,4.6528606670000272],[-74.195187736999969,4.6528589710000574],[-74.195359586999984,4.6524795130000598],[-74.195429044999969,4.6523260500000561],[-74.19542981799998,4.6523245650000717],[-74.195451421999962,4.652282122000031],[-74.195818349999968,4.6515614090000668],[-74.19581975899996,4.6515598560000626],[-74.196256239999968,4.6510815090000506],[-74.196891895999954,4.6504526560000272],[-74.197381175999965,4.6501514920000204],[-74.198207165999975,4.6498084980000272],[-74.198992601999976,4.6493050530000346],[-74.199989759999937,4.64894904800002],[-74.200805054999989,4.6486919270000726],[-74.201276875999952,4.6483625130000519],[-74.201679430999945,4.6479297170000677],[-74.201788424999961,4.6477657460000614],[-74.201985137999941,4.6474698090000288],[-74.202251438999951,4.6471296780000557],[-74.202592632999938,4.6468641160000743],[-74.202817766999942,4.6466083100000333],[-74.202922204999936,4.6464895880000654],[-74.202958917999979,4.646135915000059],[-74.202959268999962,4.6461341490000336],[-74.202992123999934,4.6459643730000266],[-74.20301449599998,4.6458487650000393],[-74.203013580999936,4.6458475660000431],[-74.202886034999949,4.6456762480000293],[-74.202596332999974,4.6452871220000702],[-74.202219595999964,4.6451637310000251],[-74.20181310199996,4.6450057500000526],[-74.201103453999963,4.6447809860000575],[-74.200874348999946,4.6446735230000513],[-74.200702270999955,4.644542824000041],[-74.200702146999959,4.6445419700000343],[-74.200699163999957,4.6445397040000671],[-74.200698881999983,4.6445377280000457],[-74.200669304999963,4.6443332810000584],[-74.20066972799998,4.6443317290000437],[-74.200746774999971,4.6440519210000275],[-74.200747689999957,4.6440504390000683],[-74.200882947999958,4.6438315040000475],[-74.201265259999957,4.6437602880000668],[-74.201619422999954,4.6437580010000374],[-74.201957264999976,4.6438534550000554],[-74.202404354999942,4.6441257340000561],[-74.203385258999958,4.6448188700000514],[-74.203729876999944,4.6451431340000227],[-74.204584648999969,4.6457227210000269],[-74.204795454999953,4.645856105000064],[-74.205014848999951,4.6459949990000382],[-74.205789101999983,4.6465231800000311],[-74.206098231999988,4.6466474470000207],[-74.206418048999979,4.6466395110000462],[-74.206646084999988,4.6465863840000452],[-74.206805992999989,4.6465739410000424],[-74.206923866999944,4.6463799350000272],[-74.206924992999973,4.6463786640000535],[-74.207106069999952,4.6461767430000691],[-74.207106350999936,4.6461756130000254],[-74.207155952999983,4.6459482080000498],[-74.207106873999976,4.6456992050000281],[-74.207091735999938,4.6456227930000296],[-74.207090609999966,4.6456215230000453],[-74.207088567999961,4.6456187680000198],[-74.206870425999966,4.6453234290000296],[-74.206604767999977,4.6449643630000423],[-74.206507981999948,4.6448421060000555],[-74.206413031999944,4.6447229300000572],[-74.20637143099998,4.6446703900000443],[-74.206367841999963,4.6446643880000238],[-74.206043192999971,4.6441218350000213],[-74.206042347999983,4.6441202810000277],[-74.205917048999936,4.6438900670000294],[-74.205754228999979,4.6435907900000757],[-74.205753593999987,4.6435892360000253],[-74.205741978999981,4.6435591530000693],[-74.205469751999942,4.6428533900000275],[-74.205469189999974,4.6428519770000207],[-74.205478655999968,4.6424348900000609],[-74.205482373999985,4.6422690000000557],[-74.205482864999965,4.6422674460000621],[-74.205511644999945,4.6421781070000634],[-74.205687060999935,4.6416333230000646],[-74.205689524999968,4.6416256960000624],[-74.205690156999935,4.6416237900000397],[-74.207014382999944,4.6406411980000257],[-74.208167507999974,4.6404851680000547],[-74.209110065999937,4.640513899000041],[-74.21047548599995,4.6406081260000747],[-74.211543601999949,4.6406131140000753],[-74.212085816999945,4.6405181490000587],[-74.212473756999941,4.6404695260000608],[-74.212776116999976,4.6404446390000658],[-74.213490067999942,4.6404061540000612],[-74.213959672999977,4.6405806830000529],[-74.21398880299995,4.6406309190000457],[-74.214268601999947,4.6411113060000275],[-74.214272712999957,4.6417874570000208],[-74.214309685999979,4.642205620000027],[-74.214294763999987,4.6425724420000734],[-74.21440047699997,4.6430302810000512],[-74.214677679999966,4.6437302330000421],[-74.215128913999934,4.6440748950000739],[-74.215559114999962,4.6443302190000395],[-74.216028153999957,4.644453335000037],[-74.216593466999939,4.6444724880000763],[-74.217221834999975,4.6444114090000426],[-74.218027007999979,4.6444062430000486],[-74.218631726999945,4.6443451650000611],[-74.219197034999979,4.6443185540000513],[-74.219705473999966,4.6442755640000541],[-74.220259526999939,4.6443065790000446],[-74.220699270999944,4.6442692450000322],[-74.221035403999963,4.6441409630000408],[-74.221292219999953,4.6440535060000343],[-74.221306148999986,4.6439921350000759],[-74.221341252999935,4.6438371890000667],[-74.221341322999933,4.6438352820000546],[-74.221350643999983,4.6434468670000228],[-74.221350219999977,4.6434455950000597],[-74.221223493999958,4.64307569500005],[-74.221222578999971,4.6430738600000723],[-74.221061447999944,4.6427444500000661],[-74.22079907899996,4.6423942240000429],[-74.220481982999956,4.6420387790000746],[-74.220447803999946,4.6420006320000766],[-74.220017849999977,4.6416827130000229],[-74.219605039999976,4.6414216920000513],[-74.219060971999966,4.6411901520000356],[-74.218351137999946,4.6409309660000417],[-74.217630777999943,4.6408151470000689],[-74.217098883999938,4.640698134000047],[-74.216669596999964,4.6405403440000441],[-74.21614292199996,4.6403487540000583],[-74.215763889999948,4.6400245430000382],[-74.215763494999976,4.6400235970000381],[-74.215760761999945,4.6400212610000722],[-74.215760129999978,4.6400197780000667],[-74.215757312999983,4.6400130700000659],[-74.215598775999979,4.6396324390000245],[-74.215598072999967,4.6396308150000323],[-74.215425314999948,4.6392263860000753],[-74.215424471999938,4.6392246890000592],[-74.215231305999964,4.6388385550000635],[-74.215170895999961,4.6387178760000438],[-74.21493114499998,4.6383562940000616],[-74.214931045999947,4.6383559480000258],[-74.214928757999985,4.6383524990000637],[-74.214928335999957,4.6383510870000464],[-74.214844342999982,4.6380585830000314],[-74.214782597999942,4.6378436900000679],[-74.214782243999935,4.637841571000024],[-74.214760412999965,4.6377008960000694],[-74.214692734999971,4.6372655950000308],[-74.214693368999974,4.6372640420000266],[-74.214866322999967,4.6368229980000706],[-74.214867027999958,4.6368213020000439],[-74.215074461999961,4.6363006660000678],[-74.215075236999951,4.6362986880000676],[-74.216003099999966,4.6358172450000552],[-74.216510967999966,4.6357623920000606],[-74.216881445999945,4.6356680070000493],[-74.217138188999968,4.6355747600000541],[-74.217376337999951,4.6353611790000286],[-74.217505739999979,4.6350699970000733],[-74.217506303999983,4.6350686540000652],[-74.217507567999974,4.6350469730000441],[-74.217508339999938,4.6350328490000265],[-74.21752646799996,4.6347089800000276],[-74.217526537999959,4.6347077780000632],[-74.217328904999988,4.6339936790000706],[-74.217327848999957,4.6339919860000691],[-74.217007471999977,4.6334595570000374],[-74.216864945999987,4.6332634030000577],[-74.216665321999983,4.6329893040000343],[-74.216664335999951,4.6329875400000446],[-74.216387266999959,4.632487147000063],[-74.216204878999974,4.6321769260000565],[-74.216001795999944,4.631829845000027],[-74.21600123199994,4.6318285020000758],[-74.215883949999977,4.6315525270000535],[-74.215792925999949,4.6313384830000359],[-74.215792363999981,4.6313371430000529],[-74.215787002999946,4.6312221010000485],[-74.215777552999953,4.6310185730000626],[-74.215776705999986,4.6310002820000591],[-74.215766197999983,4.63077048100007],[-74.21576633799998,4.6307692820000739],[-74.215832519999935,4.6302882070000351],[-74.215842858999963,4.6302131340000301],[-74.215844545999971,4.6302007760000379],[-74.215849403999982,4.6302056470000252],[-74.21623307699997,4.6297676200000524],[-74.216237652999951,4.6297623930000213],[-74.216290500999946,4.6297020780000366],[-74.21649621499995,4.6296021280000446],[-74.216672157999938,4.6295165890000476],[-74.21668081599995,4.6295150330000752],[-74.217253986999935,4.6294096110000282],[-74.217460763999952,4.6293787290000523],[-74.217645439999956,4.6293511680000279],[-74.217653462999976,4.629349965000074],[-74.218447228999935,4.6294537700000546],[-74.218468272999985,4.6294613940000318],[-74.218881212999975,4.629610575000072],[-74.218945542999961,4.6296338040000364],[-74.218984254999953,4.6296496190000767],[-74.218991152999934,4.6296524420000651],[-74.219580967999946,4.6298934100000224],[-74.219701816999986,4.6299278610000556],[-74.220100887999934,4.6300415910000652],[-74.220288105999941,4.6300949610000544],[-74.220290570999964,4.6300956670000346],[-74.220436049999989,4.6301166250000279],[-74.220840393999936,4.6301748460000454],[-74.220860099999982,4.6301776680000444],[-74.220862564999948,4.6301780200000735],[-74.221347829999957,4.6300831970000331],[-74.221353249999936,4.6300796640000499],[-74.221453253999982,4.6300147530000686],[-74.22180253099998,4.6297881660000257],[-74.222019557999943,4.6295282570000609],[-74.222180638999987,4.6293352320000736],[-74.222183031999975,4.6293323360000613],[-74.222221948999959,4.6292974450000202],[-74.222239400999968,4.6292817650000302],[-74.222268816999986,4.6292553500000508],[-74.222320261999982,4.6292091590000268],[-74.222426075999977,4.6291141420000486],[-74.222315058999982,4.6290317700000401],[-74.22231422699997,4.6290301780000505],[-74.222311797999964,4.6290283700000714],[-74.222240415999977,4.62889285600005],[-74.222238867999977,4.6288897480000628],[-74.222238656999934,4.6288859360000743],[-74.222234430999947,4.6288622070000542],[-74.22217696599995,4.6285384170000725],[-74.222174711999969,4.6285260590000235],[-74.222173444999953,4.6285159600000725],[-74.222172176999948,4.6285061430000383],[-74.222272303999944,4.6282718840000712],[-74.22227279599997,4.6282702580000432],[-74.222378753999976,4.6279389630000765],[-74.222379668999963,4.6279371270000524],[-74.222559523999962,4.6275804730000232],[-74.222586052999986,4.6275418410000384],[-74.222809613999971,4.6271841920000725],[-74.222960267999952,4.6268847430000619],[-74.223156234999976,4.6264868430000661],[-74.223189165999941,4.6264229980000664],[-74.223189586999979,4.6264208800000688],[-74.223192823999966,4.6264145240000403],[-74.22335973099996,4.6260898620000717],[-74.22357812499996,4.6254681600000254],[-74.22347803699995,4.6247302530000525],[-74.223473034999984,4.6246931790000758],[-74.223147396999934,4.6242785480000634],[-74.22264482199995,4.6239287820000641],[-74.222084196999958,4.62375817100002],[-74.221655918999943,4.6236918630000332],[-74.220906373999981,4.6234201200000484],[-74.220849706999957,4.6233949040000653],[-74.220771684999988,4.6233204260000207],[-74.220771537999951,4.6233200660000762],[-74.220768384999985,4.6233170630000586],[-74.220664194999983,4.6230623440000613],[-74.220694016999971,4.6228679920000673],[-74.22072382999994,4.6225990640000418],[-74.220953434999956,4.6221685350000712],[-74.221010043999968,4.6217198040000653],[-74.221030937999956,4.6216299710000612],[-74.221066532999942,4.6214770020000628],[-74.221280741999976,4.6211920960000725],[-74.221463446999962,4.6211857200000281],[-74.221709008999937,4.6212362580000672],[-74.221875182999952,4.621294080000041],[-74.222017706999964,4.6213436410000668],[-74.222190981999972,4.6213391030000253],[-74.222257068999966,4.6213373310000634],[-74.222362269999962,4.621179411000071],[-74.222393654999962,4.6211322310000469],[-74.222375902999943,4.6209895800000709],[-74.222364140999957,4.620894948000057],[-74.222358438999947,4.6208853460000228],[-74.222320379999985,4.6208210160000363],[-74.222058771999968,4.6207435140000257],[-74.221874991999982,4.6207024020000631],[-74.221529679999946,4.6205729910000741],[-74.221277697999938,4.6204528790000268],[-74.221038324999938,4.620304385000054],[-74.221035961999974,4.6203015380000352],[-74.221035022999956,4.6203009550000615],[-74.220877632999986,4.6201113540000733],[-74.220829060999961,4.6200096650000546],[-74.220808222999949,4.6199660250000534],[-74.220801875999939,4.6198333270000376],[-74.220799125999974,4.6197936390000223],[-74.220798422999962,4.6197918750000326],[-74.220796659999962,4.619770122000034],[-74.220795602999942,4.6197574810000219],[-74.220858574999966,4.6195837470000356],[-74.220940492999944,4.6195331050000732],[-74.221400263999953,4.6193435090000321],[-74.221507445999976,4.6192873530000611],[-74.221689930999958,4.6191916440000682],[-74.221736930999953,4.6190532200000689],[-74.221736916999987,4.6189183120000621],[-74.221665904999952,4.6188470730000404],[-74.221546531999934,4.6187572320000641],[-74.221489865999956,4.6187331920000361],[-74.221290137999972,4.6186485120000498],[-74.221057087999952,4.618670590000022],[-74.220641350999983,4.6187844360000554],[-74.220483979999983,4.6188729480000461],[-74.220345427999973,4.6188792890000627],[-74.220055621999961,4.6188771460000453],[-74.219847773999959,4.618665993000036],[-74.219844446999957,4.618662602000029],[-74.219843161999961,4.6184924070000761],[-74.219843161999961,4.6184903580000309],[-74.219843161999961,4.6184867570000279],[-74.219841949999989,4.6183376060000683],[-74.219841237999958,4.6182470680000733],[-74.219856988999936,4.6181032120000509],[-74.219873158999974,4.6179460780000454],[-74.219842883999945,4.6178306880000264],[-74.219828590999953,4.6177761700000701],[-74.219831473999989,4.6177448140000479],[-74.219843164999986,4.6176177950000579],[-74.219652444999952,4.6174573560000454],[-74.219599837999965,4.6174921630000654],[-74.219444540999973,4.6175947750000432],[-74.219280864999973,4.617717998000046],[-74.219126555999935,4.6177954810000301],[-74.218975404999981,4.6179440130000557],[-74.218871453999952,4.6180261910000695],[-74.218641552999941,4.6180041560000404],[-74.218506325999954,4.6179148590000523],[-74.218411639999943,4.6178524040000752],[-74.21841169399994,4.6178513130000738],[-74.218408264999937,4.6178490540000325],[-74.21842877399996,4.6174350030000255],[-74.218430320999971,4.6174034350000284],[-74.218444601999977,4.617361130000063],[-74.218493291999948,4.6172170590000405],[-74.218488265999952,4.6169448860000557],[-74.218486921999954,4.6168729230000736],[-74.218423682999969,4.6164905880000333],[-74.218297606999954,4.6162252070000704],[-74.218263538999963,4.6161814250000361],[-74.218106023999951,4.6159789520000345],[-74.217938330999971,4.6158852810000326],[-74.217718333999983,4.615803493000044],[-74.217491586999984,4.6157774800000766],[-74.217351230999952,4.6157527250000498],[-74.217081797999981,4.615895030000047],[-74.217078731999948,4.6158901200000741],[-74.217078106999963,4.6158896680000225],[-74.217035308999982,4.6158210990000725],[-74.216992581999989,4.6157526020000432],[-74.216778049999959,4.6154085020000366],[-74.216764465999972,4.615386744000034],[-74.216639995999969,4.6151894330000687],[-74.216429248999987,4.6148707410000611],[-74.215911059999939,4.6140855070000271],[-74.215106613999978,4.6131965550000587],[-74.214809345999981,4.612868441000046],[-74.213446378999947,4.6113525500000492],[-74.204266420999943,4.5994424850000541],[-74.20406272799994,4.6007682610000415],[-74.202583893999986,4.6004957330000593],[-74.199728294999943,4.5999282480000261],[-74.199727972999938,4.5999256140000284],[-74.199724704999937,4.5999249650000706],[-74.198450774999969,4.5996865020000541],[-74.198281162999933,4.5996528290000356],[-74.198214512999982,4.5996395570000459],[-74.196777864999945,4.5992968660000315],[-74.195686987999977,4.5990421970000739],[-74.195636602999969,4.5990325120000648],[-74.195593826999982,4.599020448000033],[-74.195538558999942,4.5990075460000526],[-74.194717052999977,4.5988198840000223],[-74.194678945999954,4.5988128090000373],[-74.194579469999951,4.5987908310000307],[-74.194488121999939,4.5987706500000627],[-74.194440362999956,4.5987742250000565],[-74.194107506999956,4.59868748100007],[-74.193723555999952,4.5985993520000648],[-74.193401630999972,4.5985264630000415],[-74.19309904499994,4.5984586700000705],[-74.192891482999983,4.5984067130000312],[-74.192522825999959,4.598322109000037],[-74.191925194999953,4.5981790750000755],[-74.191720646999954,4.598129234000055],[-74.191463715999987,4.598075528000038],[-74.191040243999964,4.5979754790000698],[-74.190936874999977,4.597966288000066],[-74.191341494999961,4.5992710380000403],[-74.191464150999934,4.5997739910000632],[-74.191815894999934,4.6011156700000697],[-74.192072125999971,4.6024073610000755],[-74.192193517999954,4.6029603170000541],[-74.19251163499996,4.6042765970000232],[-74.192648148999979,4.6048049510000624],[-74.192677022999987,4.6050460890000409],[-74.192909220999979,4.606649616000027],[-74.193030074999967,4.6081226970000557],[-74.193071212999939,4.6084942980000392],[-74.193099207999978,4.6089858120000713],[-74.193202007999957,4.6103389830000765],[-74.193229300999974,4.6114667630000667],[-74.193265261999954,4.6121836800000438],[-74.193266780999977,4.6129653230000258],[-74.193283829999984,4.6140283840000507],[-74.193251888999953,4.6151179420000403],[-74.193248675999939,4.6158730980000655],[-74.193216576999987,4.6165664760000595],[-74.193176219999941,4.6177178160000381],[-74.193073021999965,4.6191193810000755],[-74.193050715999959,4.6195625430000291],[-74.193020432999958,4.6199140840000723],[-74.19290510899998,4.6214072740000347],[-74.192721821999953,4.6230836760000216],[-74.192704566999964,4.6232520130000694],[-74.192614975999959,4.6236062040000547],[-74.19226290499995,4.6250967920000221],[-74.192167674999951,4.6258093250000343],[-74.192053607999981,4.6269415320000462],[-74.191850647999956,4.6286255210000604],[-74.191825714999936,4.6287862750000386],[-74.191807627999935,4.6288721910000277],[-74.191447279999977,4.6306310420000614],[-74.191239712999959,4.6315739310000481],[-74.190924299999949,4.6324758340000471],[-74.190632344999983,4.6342071370000326],[-74.190622380999969,4.6343205880000369],[-74.19060455999994,4.634482404000039],[-74.190448463999985,4.6361653220000676],[-74.19031167299994,4.6373384260000421],[-74.190219425999942,4.6380100640000705],[-74.190043705999983,4.6391479250000316],[-74.189960161999977,4.6398548120000669],[-74.189876396999978,4.640270618000045],[-74.18960640499995,4.6416995740000289],[-74.189332340999954,4.6430138350000334],[-74.189229162999936,4.6435443400000622],[-74.188984481999967,4.6446798760000547],[-74.188809913999989,4.6453891120000321],[-74.188736565999989,4.6456672040000626],[-74.188342887999966,4.6472338910000417],[-74.188077829999941,4.6482112030000735],[-74.187854520999963,4.6490786740000658],[-74.187395638999988,4.6507144570000492],[-74.187340162999988,4.6509234600000582],[-74.187158230999955,4.6515452990000199],[-74.18715025399996,4.6515768810000395]]],[[[-74.129657905999977,4.7287550520000536],[-74.129663947999973,4.7289312230000746],[-74.129602406999936,4.7295220340000697],[-74.129391922999957,4.7299696200000199],[-74.129448608999951,4.7301065200000494],[-74.129539627999975,4.7303259000000253],[-74.130037426999934,4.7305829710000467],[-74.130580837999958,4.7308626430000231],[-74.130975027999966,4.7308733860000416],[-74.131425957999966,4.730705672000056],[-74.131452706999937,4.7305950800000574],[-74.131502900999976,4.7303873850000286],[-74.131549997999969,4.7301921180000477],[-74.131550559999937,4.7301897890000646],[-74.131935607999935,4.729768616000058],[-74.131948417999979,4.7297545620000392],[-74.131949967999958,4.7297532200000205],[-74.132434687999989,4.7293333180000445],[-74.133170703999951,4.7289361630000712],[-74.133787894999955,4.7287056680000319],[-74.134473222999986,4.7285090720000653],[-74.134998059999987,4.7283130370000208],[-74.135569633999978,4.7282887530000721],[-74.136003803999984,4.728287630000068],[-74.136187381999946,4.7283904570000459],[-74.136189034999973,4.7283951920000504],[-74.136511122999934,4.7293174350000413],[-74.136683777999963,4.7298732240000732],[-74.136771886999952,4.7300938750000228],[-74.136917728999947,4.7304588090000266],[-74.137066390999962,4.7306989220000446],[-74.137392440999974,4.7307215250000354],[-74.137694842999963,4.7306345250000277],[-74.138072139999963,4.7305706870000677],[-74.138345821999962,4.730409676000022],[-74.138580083999955,4.7303113750000421],[-74.138893747999987,4.7301334130000328],[-74.139715917999979,4.7297413350000284],[-74.140344370999969,4.7294820220000702],[-74.14090975199997,4.7293204460000311],[-74.141703762999953,4.729140793000056],[-74.14239472099996,4.7290419280000719],[-74.142874505999941,4.7288741360000586],[-74.143485498999951,4.7285865700000613],[-74.144124649999981,4.728223865000075],[-74.144638221999969,4.7279187840000532],[-74.145277369999974,4.7276131400000736],[-74.146070814999973,4.7271990200000573],[-74.146601840999949,4.7268877240000506],[-74.147725837999985,4.7262775590000388],[-74.14855363099997,4.7258916840000325],[-74.149231983999982,4.7254616720000513],[-74.14923367199998,4.7254606140000419],[-74.149294348999945,4.7253561630000718],[-74.149476518999961,4.7250428900000543],[-74.149477784999988,4.7250409110000646],[-74.149718236999945,4.724658712000064],[-74.14980143799994,4.7245263680000562],[-74.149802633999968,4.7245244610000441],[-74.149891255999989,4.7243871740000714],[-74.150056232999987,4.7241315940000277],[-74.149651449999965,4.7241250550000586],[-74.149011162999955,4.7241954630000578],[-74.147479216999955,4.7242106200000649],[-74.146935602999974,4.7242783200000531],[-74.145278817999952,4.7243451330000426],[-74.14488397599996,4.7244027550000283],[-74.143040691999943,4.7245452110000201],[-74.142860892999977,4.724576776000049],[-74.141714849999971,4.7247173320000684],[-74.140879422999944,4.7248230880000506],[-74.140751555999941,4.7248339370000281],[-74.138951665999969,4.7251627160000567],[-74.138388107999958,4.7252518150000355],[-74.137069217999965,4.7255810630000497],[-74.135913290999952,4.7258632430000489],[-74.135236342999974,4.7260855330000595],[-74.133847085999946,4.7265627190000714],[-74.13346503799994,4.7266969760000279],[-74.133265537999989,4.7267752250000399],[-74.131858987999976,4.7275955340000451],[-74.130266929999948,4.7282969760000242],[-74.130168108999953,4.7283467120000751],[-74.130084207999971,4.7284077190000744],[-74.129657905999977,4.7287550520000536]]],[[[-74.094405548999987,4.7918796920000659],[-74.095030681999958,4.7927268390000677],[-74.09519015099994,4.7929442790000394],[-74.095219119999967,4.7929740940000443],[-74.096484616999987,4.7943845240000655],[-74.096993175999955,4.7948187470000221],[-74.097884015999966,4.7956424350000475],[-74.099310548999938,4.7966633790000515],[-74.099386103999962,4.7967219160000241],[-74.099489381999945,4.7967842790000645],[-74.100964419999968,4.7976689420000298],[-74.101639700999954,4.7979841240000383],[-74.10166533499995,4.7979348770000456],[-74.101920858999961,4.7971717670000658],[-74.102027840999938,4.7964376720000246],[-74.102350656999988,4.7957605830000603],[-74.102386283999977,4.7956857980000223],[-74.102581510999983,4.7954527620000249],[-74.102756814999964,4.7952435260000357],[-74.102759771999956,4.7952420420000408],[-74.103494181999963,4.7948810060000255],[-74.10349664599994,4.7948798060000399],[-74.103862704999983,4.7950052510000205],[-74.103686396999933,4.795509753000033],[-74.103686231999973,4.7955099630000291],[-74.103685235999933,4.7955128180000202],[-74.103485714999977,4.7957655490000661],[-74.10313786599994,4.7960989050000649],[-74.102797029999977,4.7966255310000747],[-74.102781261999951,4.7971514840000395],[-74.103175964999934,4.7974158420000208],[-74.103868253999963,4.7974763390000703],[-74.104659394999942,4.7972972920000529],[-74.104661154999974,4.7972960220000687],[-74.105247030999976,4.7968727570000738],[-74.105662345999974,4.7962404460000698],[-74.105778160999989,4.796034450000036],[-74.106049501999962,4.7955517050000367],[-74.106288599999971,4.7950924730000679],[-74.106487091999952,4.7943867720000526],[-74.106885512999952,4.793640617000051],[-74.106927428999938,4.7935468350000292],[-74.107277959999976,4.792762544000027],[-74.107613654999966,4.7920451280000407],[-74.107879955999977,4.7909953670000505],[-74.107997993999959,4.7900606360000211],[-74.10804677699997,4.7888449750000746],[-74.108049380999944,4.7888434220000704],[-74.108506553999973,4.7885710630000631],[-74.108509018999939,4.788569581000047],[-74.108512325999982,4.7885685220000482],[-74.109175616999948,4.7883610750000685],[-74.109194483999943,4.788355144000036],[-74.109197300999938,4.7883538020000742],[-74.109754294999959,4.7880899320000481],[-74.110993098999984,4.7875030600000628],[-74.110995772999956,4.7875017900000216],[-74.111620770999934,4.7872035200000482],[-74.111624290999941,4.7872018250000679],[-74.112123213999951,4.7881928000000471],[-74.112164303999975,4.7886459040000204],[-74.112388970999973,4.7894306530000677],[-74.112387231999946,4.7894313020000254],[-74.112387930999944,4.7894337470000323],[-74.111605349999934,4.7896303910000597],[-74.111102020999965,4.789453733000073],[-74.110547851999968,4.7895237540000721],[-74.110051991999967,4.789828165000074],[-74.110042168999939,4.790336170000046],[-74.110425745999976,4.7906451570000286],[-74.110933384999953,4.7905447610000351],[-74.111037291999935,4.7905242860000499],[-74.11103933399994,4.7905238620000432],[-74.111042290999933,4.7905240720000393],[-74.111641368999983,4.7905601920000436],[-74.112309996999954,4.7906005500000219],[-74.11231126399997,4.7905998430000523],[-74.112464805999934,4.790510293000068],[-74.112948236999955,4.790228341000045],[-74.112950947999934,4.7902267360000224],[-74.112997545999974,4.790124775000038],[-74.113422799999967,4.7891937980000421],[-74.113626327999953,4.7886455950000482],[-74.113627432999976,4.7886425860000372],[-74.113878064999938,4.788229043000058],[-74.11400365999998,4.7878919720000681],[-74.114126953999971,4.787560893000034],[-74.114354048999985,4.7868895380000254],[-74.114170443999967,4.7865401590000261],[-74.113729917999933,4.786328974000071],[-74.113583303999974,4.7862471880000612],[-74.113147805999972,4.7860143440000229],[-74.113109004999956,4.7859998960000212],[-74.112671808999949,4.7859586540000691],[-74.112322577999976,4.785638261000031],[-74.112098946999936,4.7853406870000299],[-74.11210480799997,4.7853074020000577],[-74.112102942999968,4.7853047660000243],[-74.112041562999934,4.785217828000043],[-74.111985180999966,4.7850959330000364],[-74.111972160999983,4.7850306810000234],[-74.111959140999943,4.7849306090000709],[-74.111967874999948,4.7848522230000299],[-74.11197217299997,4.7847739020000404],[-74.112041590999979,4.7846563930000343],[-74.112137050999934,4.7845737020000456],[-74.112238847999947,4.7845328880000579],[-74.112241359999985,4.7845318810000208],[-74.112251441999945,4.7844746210000721],[-74.112651536999977,4.7844909080000662],[-74.113010808999945,4.7846066940000469],[-74.113022849999936,4.7846092690000432],[-74.113041362999979,4.7846132240000543],[-74.113282324999943,4.7847217090000527],[-74.113468870999952,4.7848479890000704],[-74.113564322999935,4.7849655060000487],[-74.11366843199994,4.7850960160000682],[-74.113820201999943,4.7852251200000637],[-74.11433541599996,4.785603601000048],[-74.114750332999961,4.7856356820000201],[-74.114752795999948,4.7856358930000624],[-74.114956422999967,4.7853564450000476],[-74.114852638999935,4.7848473740000372],[-74.114765720999969,4.7842798700000344],[-74.114644197999951,4.7836151060000702],[-74.114534314999958,4.7829961750000507],[-74.114407721999953,4.7826237340000262],[-74.114366836999977,4.7822454500000617],[-74.114367584999968,4.7822449590000247],[-74.114367250999976,4.7822419150000428],[-74.114742052999986,4.7819968810000546],[-74.114744726999959,4.7819959610000637],[-74.114924311999971,4.7819353060000367],[-74.114951132999977,4.7819263390000515],[-74.115244126999983,4.7818286150000517],[-74.115247505999946,4.7818281190000675],[-74.115810184999987,4.7817409290000228],[-74.115812580999943,4.7817398680000451],[-74.11620877699994,4.7815631240000585],[-74.116311204999988,4.7815175070000464],[-74.11631233199995,4.7815170130000411],[-74.116315148999945,4.7815156010000237],[-74.116986107999935,4.7811774970000442],[-74.116988783999943,4.7811761560000718],[-74.117198203999976,4.780696492000061],[-74.117134594999982,4.7802900850000469],[-74.116546176999975,4.7804232170000205],[-74.115935060999959,4.7806137290000379],[-74.115198340999939,4.7808676180000589],[-74.114712666999935,4.7809259880000354],[-74.114380446999974,4.780594213000029],[-74.114345065999942,4.7800610520000646],[-74.114345972999956,4.7800593380000578],[-74.114345881999952,4.7800579710000761],[-74.114659030999974,4.7794670320000705],[-74.11506157599996,4.779054765000069],[-74.115064179999933,4.7790533530000516],[-74.11552232799994,4.778800057000069],[-74.115662769999972,4.778722382000069],[-74.115666078999936,4.7787206160000437],[-74.115668965999987,4.7787194160000581],[-74.115739574999964,4.7786908890000745],[-74.116021444999944,4.7785769190000451],[-74.11635139599997,4.778443955000057],[-74.116354140999988,4.7784426130000384],[-74.116882402999977,4.7781905210000559],[-74.117128166999976,4.7778856620000738],[-74.117207084999961,4.7777879970000754],[-74.117206943999975,4.7777865130000237],[-74.117183727999986,4.7775030640000296],[-74.116831159999947,4.7774354260000678],[-74.115820165999935,4.7776956980000591],[-74.115346724999938,4.7781496510000352],[-74.114661890999969,4.7785926290000589],[-74.114650594999944,4.7785942110000406],[-74.114624858999946,4.7786171080000486],[-74.114468926999962,4.7787061540000764],[-74.114405569999974,4.7787346110000612],[-74.114198887999976,4.7787480890000325],[-74.114160802999947,4.7787495720000379],[-74.114020575999973,4.778699424000024],[-74.114002181999979,4.7786850220000474],[-74.113913452999952,4.7786974490000489],[-74.113908361999961,4.7785985250000635],[-74.113906258999975,4.7785951120000618],[-74.113881059999983,4.7785542220000252],[-74.11383178799997,4.7784344470000519],[-74.113840803999949,4.7783124150000731],[-74.113851931999989,4.778216652000026],[-74.113873616999967,4.7781328280000253],[-74.113893752999957,4.7780706830000668],[-74.113937755999984,4.7779658830000358],[-74.113974364999933,4.7778820580000456],[-74.114018365999982,4.7777959730000248],[-74.114165365999952,4.7775151920000667],[-74.114165998999965,4.777513850000048],[-74.114366792999988,4.7770071580000604],[-74.114369396999962,4.7769980480000527],[-74.114369960999966,4.7769961410000406],[-74.114375029999962,4.7769786970000609],[-74.114375029999962,4.7769772140000555],[-74.114515285999971,4.776393965000068],[-74.11452640899995,4.7763462960000425],[-74.114539365999974,4.7762921310000479],[-74.114540772999987,4.776286199000026],[-74.114541337999981,4.7762836560000324],[-74.114772915999936,4.7752478740000583],[-74.114773338999953,4.7752452600000765],[-74.11489064899996,4.774570413000049],[-74.114936416999967,4.7743071410000653],[-74.114936839999984,4.7743046000000504],[-74.115094974999977,4.7737162660000649],[-74.115095679999968,4.773713654000062],[-74.115563684999984,4.7733170690000293],[-74.116144467999959,4.7728478910000263],[-74.116146156999946,4.7728465470000287],[-74.116518565999968,4.7724358350000671],[-74.116520254999955,4.7724339280000549],[-74.116521380999984,4.7724327280000693],[-74.11660502899997,4.7720440350000217],[-74.116605790999984,4.7720405020000385],[-74.116110601999935,4.7719788240000298],[-74.115682153999956,4.7720715400000699],[-74.115351171999976,4.772267136000039],[-74.114876851999952,4.7723083370000268],[-74.114344638999967,4.7719826970000554],[-74.114345259999936,4.7719793440000444],[-74.114343020999968,4.7719779730000482],[-74.114421039999968,4.7715574310000761],[-74.114449978999971,4.7714013590000377],[-74.114450190999946,4.7714001580000627],[-74.114450542999975,4.7713989580000202],[-74.114489265999964,4.771262593000074],[-74.114489829999968,4.7712606150000738],[-74.114687953999976,4.7705636670000331],[-74.114688656999988,4.7705611260000751],[-74.115821862999951,4.7692934650000325],[-74.115823834999958,4.7692924770000218],[-74.11675384199998,4.7688369440000429],[-74.11773489899997,4.7680262590000666],[-74.118145320999986,4.7675264230000494],[-74.118278463999957,4.7668716320000613],[-74.118286138999963,4.7668337810000594],[-74.118297421999955,4.7667784450000568],[-74.117676030999974,4.7664656800000671],[-74.117144947999975,4.7666903710000383],[-74.116426674999957,4.7675060340000641],[-74.115701934999947,4.7679892450000239],[-74.115700483999944,4.7679847450000352],[-74.115700208999954,4.767984929000022],[-74.115454437999972,4.7672215140000276],[-74.115454435999936,4.767221477000021],[-74.115453649999949,4.7672190360000286],[-74.115453017999982,4.7672171280000271],[-74.115411381999934,4.7663741970000615],[-74.115802124999959,4.7651943550000624],[-74.11580289799997,4.7651923760000727],[-74.115804588999936,4.7651879980000444],[-74.116057896999962,4.7645393590000253],[-74.11612020299998,4.7643798290000632],[-74.116120906999981,4.7643780650000735],[-74.116290591999984,4.7635712310000713],[-74.116291366999974,4.7635686860000419],[-74.116611495999962,4.7624968910000689],[-74.116679013999942,4.762270767000075],[-74.116724988999977,4.7621169570000461],[-74.116823693999947,4.7617868070000213],[-74.116824398999938,4.7617844070000501],[-74.117697998999972,4.7616105050000215],[-74.118618190999939,4.7616082840000331],[-74.120125136999945,4.7611480380000444],[-74.120126965999987,4.7611474720000615],[-74.120738289999963,4.7605730660000631],[-74.120860145999984,4.7604585950000455],[-74.120861553999987,4.7604572550000626],[-74.12089414899998,4.7604016050000268],[-74.121236708999959,4.7598141940000573],[-74.121185221999951,4.7591959270000643],[-74.120958558999973,4.7585290200000259],[-74.120931741999982,4.7584502140000495],[-74.120833907999952,4.758072883000068],[-74.120758456999965,4.757781995000073],[-74.12075824599998,4.7577796650000437],[-74.120719896999958,4.7573727460000441],[-74.120676901999957,4.7569164640000281],[-74.120676620999973,4.7569140630000675],[-74.120554100999982,4.7559650570000258],[-74.120375261999982,4.7551856090000229],[-74.120242105999978,4.7544005820000734],[-74.120243442999936,4.7543988890000719],[-74.120402399999989,4.7541986850000626],[-74.120405919999939,4.7541943070000343],[-74.120406762999949,4.7541932470000461],[-74.120408172999987,4.7541914810000208],[-74.12141958899997,4.7540971700000227],[-74.122407911999971,4.7540779970000244],[-74.123179423999943,4.754053165000073],[-74.124293894999937,4.7540051790000462],[-74.125236884999936,4.7539686280000524],[-74.125417669999933,4.753460164000046],[-74.125417826999978,4.7534597200000235],[-74.12481840099997,4.7527356490000443],[-74.124205722999989,4.7521807830000284],[-74.123757770999987,4.7512013400000228],[-74.123240636999981,4.7499124750000306],[-74.123239763999948,4.7499092730000712],[-74.123239256999966,4.7499080100000697],[-74.122946063999962,4.7488332890000606],[-74.122504411999955,4.7477526490000628],[-74.122504494999987,4.7477524200000403],[-74.122502880999946,4.7477484730000583],[-74.122503725999934,4.7477460720000408],[-74.122635091999939,4.7473822390000464],[-74.122646917999987,4.747349401000065],[-74.122678245999964,4.7472627490000718],[-74.122679020999954,4.7472605600000293],[-74.122930741999937,4.7473345800000288],[-74.123382378999963,4.7474136910000766],[-74.123382659999947,4.7474159510000504],[-74.123382892999985,4.7474179750000758],[-74.123383826999941,4.7474181390000467],[-74.123465338999949,4.7481174330000613],[-74.123976040999935,4.749597804000075],[-74.124279380999951,4.7500317730000461],[-74.125195038999948,4.7504769960000317],[-74.126052698999956,4.7507386000000338],[-74.127252622999947,4.7506331280000609],[-74.127366597999981,4.7503168210000695],[-74.127541536999956,4.7498314480000658],[-74.127541677999943,4.7498295420000431],[-74.127542382999934,4.749818595000022],[-74.127558508999982,4.7495698000000743],[-74.127575199999967,4.7493124360000252],[-74.127119763999985,4.749313409000024],[-74.126142953999988,4.7494933460000652],[-74.125856706999969,4.7492646370000671],[-74.125661824999952,4.7490184850000219],[-74.125660504999985,4.74901408300002],[-74.125660239999945,4.7490137480000385],[-74.125451544999976,4.7483207390000643],[-74.125446969999985,4.7483056260000467],[-74.125446759999988,4.7483035780000478],[-74.125376671999959,4.7475435560000392],[-74.125377093999987,4.747541366000064],[-74.12556921099997,4.7470613630000571],[-74.125570196999945,4.7470589620000396],[-74.126403656999969,4.746673114000032],[-74.126871636999965,4.7462991200000602],[-74.127408315999958,4.7461488540000687],[-74.128288501999975,4.746210460000043],[-74.129083090999984,4.7463404230000492],[-74.130065710999986,4.745914181000046],[-74.130331595999962,4.7454108720000363],[-74.130332018999979,4.7454091780000454],[-74.130518998999946,4.7446424510000611],[-74.130519420999974,4.7446354610000299],[-74.130551955999977,4.7440517800000634],[-74.130727182999976,4.7431108340000492],[-74.130728098999953,4.7431091380000225],[-74.131050861999938,4.7425023710000573],[-74.131051706999983,4.7425003240000478],[-74.131318436999948,4.7418198280000752],[-74.131319985999937,4.7418177800000763],[-74.131859203999966,4.7410899040000345],[-74.131859416999987,4.741088421000029],[-74.131983815999945,4.7402817930000651],[-74.131673785999965,4.7397445390000712],[-74.131007202999967,4.7394375970000624],[-74.130515075999938,4.7391806800000609],[-74.129651731999957,4.7389934450000624],[-74.129651338999963,4.7389916590000212],[-74.129649295999968,4.7389912160000449],[-74.129613963999986,4.738830551000035],[-74.129539708999971,4.7384926990000622],[-74.129435333999936,4.7378278020000266],[-74.129433363999965,4.7378244840000434],[-74.12937543299995,4.737725967000074],[-74.129276044999983,4.7375571090000221],[-74.129224200999943,4.7374689190000367],[-74.128802312999937,4.7373497740000516],[-74.128288014999953,4.7373567150000326],[-74.127620620999949,4.7373187300000268],[-74.127379944999973,4.7373050300000727],[-74.127353577999941,4.7373035300000765],[-74.127219236999963,4.7372959320000518],[-74.12663007499998,4.7370449740000709],[-74.126630161999969,4.7370438220000324],[-74.126627710999969,4.7370427760000666],[-74.126629260999948,4.7370230750000246],[-74.126639330999978,4.7368912250000221],[-74.126649400999952,4.7367590240000368],[-74.126655385999982,4.7366757630000507],[-74.126657146999946,4.7366750560000241],[-74.127209795999988,4.7364427290000322],[-74.127911533999963,4.7362935970000422],[-74.127913294999985,4.7362932450000699],[-74.127916249999942,4.7362906320000207],[-74.128091248999965,4.7361368960000618],[-74.128299471999981,4.7359539920000202],[-74.128349607999951,4.7352730680000263],[-74.128349326999967,4.7352711610000711],[-74.128152474999979,4.7340006870000479],[-74.128151772999956,4.7339985690000503],[-74.12785903799994,4.7331355750000625],[-74.127537162999943,4.7322475820000705],[-74.127461425999968,4.7321087390000685],[-74.127340428999958,4.7318869130000394],[-74.127324872999964,4.7318583120000426],[-74.127322689999971,4.7318558420000727],[-74.127279401999942,4.7318062640000562],[-74.126925063999977,4.7314005380000594],[-74.126855026999976,4.7313203110000472],[-74.126797476999968,4.7312413340000603],[-74.126083336999955,4.7320974200000592],[-74.126027756999974,4.7322200380000368],[-74.125048966999941,4.7339421950000542],[-74.125404712999966,4.7348265140000763],[-74.124759354999981,4.7341792310000415],[-74.123384301999977,4.7350051810000764],[-74.121751623999955,4.7357167140000342],[-74.121695310999939,4.7357596680000711],[-74.121663300999955,4.7357871230000228],[-74.120215972999972,4.7368784160000246],[-74.119445336999945,4.7376319650000482],[-74.118842159999986,4.7381805130000316],[-74.117652784999962,4.7394767760000605],[-74.117536384999937,4.7396008290000395],[-74.117097648999959,4.740115195000044],[-74.116283622999958,4.7411132600000201],[-74.116129274999935,4.7413215670000568],[-74.115080252999974,4.7427115160000426],[-74.114721363999934,4.7431663470000558],[-74.113820335999947,4.7442115280000507],[-74.113101044999951,4.7450111360000733],[-74.112543974999937,4.7456829780000476],[-74.111509199999944,4.7468559210000763],[-74.111258619999944,4.7471388080000452],[-74.110457366999981,4.7479654720000326],[-74.109940403999985,4.7485375500000373],[-74.109779764999985,4.7487007070000686],[-74.10859775199998,4.7498938420000627],[-74.107877404999954,4.7505454970000756],[-74.107203261999985,4.7511600730000509],[-74.105897287999937,4.7522004370000559],[-74.105752913999936,4.7523292560000527],[-74.105675791999943,4.7523902930000759],[-74.10430062599994,4.753495077000025],[-74.103237367999952,4.7542350920000445],[-74.102789966999978,4.7545594820000474],[-74.102213060999986,4.7549132380000287],[-74.101248944999952,4.7555711340000357],[-74.100401773999977,4.7560798960000739],[-74.099681289999978,4.7565365190000648],[-74.098907493999945,4.7569679460000316],[-74.098129096999969,4.757528771000068],[-74.097530981999967,4.7579246880000596],[-74.096629694999933,4.7586127520000332],[-74.095332384999949,4.7594909980000466],[-74.095115224999972,4.759670561000064],[-74.095001792999938,4.7597694600000295],[-74.093783283999983,4.7610455210000282],[-74.093329821999987,4.7616142040000682],[-74.092653411999947,4.7627715910000461],[-74.092296847999989,4.7634589300000698],[-74.091740777999973,4.7648751270000389],[-74.091569522999976,4.7653036480000424],[-74.091087695999988,4.7668670490000409],[-74.091017120999936,4.7671483620000572],[-74.09099387699996,4.7672666400000594],[-74.090627137999945,4.7689930720000575],[-74.090455617999964,4.7700206790000266],[-74.090292087999956,4.7708377810000684],[-74.090073685999982,4.7723186000000624],[-74.090050358999974,4.7726824880000436],[-74.090088571999956,4.7730722160000596],[-74.090199973999972,4.7745271880000359],[-74.09012778999994,4.7759141080000518],[-74.090145933999963,4.7763718910000534],[-74.09017158599994,4.7769057410000642],[-74.090199095999935,4.7782165920000352],[-74.090239517999976,4.7794094830000518],[-74.090328651999982,4.7800612920000276],[-74.090471729999933,4.7811165290000304],[-74.090560359999984,4.7819059900000411],[-74.090621731999988,4.7824348550000764],[-74.090923578999934,4.7837506840000401],[-74.091218087999948,4.7850881270000514],[-74.091397566999945,4.7855953760000602],[-74.092001970999945,4.7874155510000378],[-74.092013926999982,4.7874400650000553],[-74.092110719999937,4.7876535270000318],[-74.092842218999976,4.7892847490000463],[-74.092929665999975,4.7894930890000751],[-74.093717074999972,4.7908349580000618],[-74.093871432999947,4.7907964790000506],[-74.093872136999948,4.7907978930000468],[-74.093875304999983,4.7907971160000216],[-74.094018048999942,4.7910644970000362],[-74.09433394399997,4.7916944570000624],[-74.094405548999987,4.7918796920000659]]]]},"properties":{"FID":3,"id":3,"conc_pm10":37.747450899999997,"periodo":"Anual","ano":2024,"fecha":null,"gis18_sde_":78949160.1569511,"fecha_ini":1704067200000,"fecha_fin":1735603200000,"st_area_sh":0.0064291405096699996,"st_perimet":1.07210757483}},{"type":"Feature","id":4,"geometry":{"type":"MultiPolygon","coordinates":[[[[-74.008364942999947,4.7330955140000697],[-74.008290431999967,4.7336908050000375],[-74.008280089999971,4.7342453080000269],[-74.008286729999952,4.734662639000021],[-74.008292035999943,4.7352075270000569],[-74.008294535999937,4.7355902320000496],[-74.008291041999939,4.7356782330000442],[-74.008287090999943,4.7357777310000415],[-74.008201622999934,4.7359737170000358],[-74.008120523999935,4.736027302000025],[-74.00806261799994,4.7360456820000536],[-74.008061060999978,4.7360461760000589],[-74.007936929999971,4.7370609360000344],[-74.007936685999937,4.7370776960000285],[-74.007928223999954,4.7376597150000634],[-74.00785837899997,4.7379474760000448],[-74.007824351999943,4.7380383710000729],[-74.00766921099995,4.7382044580000411],[-74.007531203999974,4.7385275890000571],[-74.007527337999989,4.7385405590000573],[-74.007526214999984,4.738544326000067],[-74.007533672999955,4.7386749680000548],[-74.007556478999959,4.7390358420000211],[-74.007808261999969,4.7397753630000352],[-74.007862221999972,4.7399273480000375],[-74.008072622999975,4.7404133870000464],[-74.008090415999959,4.7404329260000395],[-74.008090682999978,4.7404551060000699],[-74.00829000799996,4.7409155580000402],[-74.008288318999973,4.7409179590000576],[-74.008011984999939,4.7411438890000568],[-74.00799718899998,4.7411641450000275],[-74.007996596999988,4.7411665620000463],[-74.00799204599997,4.7411851430000524],[-74.00794689099996,4.7412753580000526],[-74.00790875499996,4.7413836440000523],[-74.007895725999958,4.7414397650000524],[-74.007889903999967,4.7414648430000739],[-74.007869272999983,4.741518334000034],[-74.007687186999988,4.741668293000032],[-74.007500652999965,4.741821916000049],[-74.007487820999984,4.7418324840000423],[-74.007397796999953,4.7419407890000684],[-74.007479777999947,4.7424242740000295],[-74.00748125399997,4.7424280170000657],[-74.007661366999969,4.7428812970000536],[-74.007893616999979,4.7434629030000224],[-74.00813226799994,4.7440601200000287],[-74.008332125999971,4.7446895300000733],[-74.008378767999943,4.7448345940000536],[-74.008428152999954,4.7449883440000349],[-74.008482320999974,4.7451569970000378],[-74.008641591999947,4.7456443820000231],[-74.008761375999939,4.746476034000068],[-74.008777161999944,4.747198079000043],[-74.008778251999956,4.7471987420000232],[-74.00931346699997,4.7475244420000422],[-74.009427680999977,4.7476172400000678],[-74.009491926999942,4.7477052800000479],[-74.009596622999936,4.7478194950000443],[-74.009695743999941,4.7479122160000315],[-74.009746528999983,4.748040784000068],[-74.00973694299995,4.7481777920000354],[-74.009629934999964,4.7482692130000714],[-74.009589640999934,4.7483684160000621],[-74.009581798999989,4.7485453120000329],[-74.009508582999956,4.7489426000000208],[-74.009504059999983,4.7492705150000347],[-74.009503880999944,4.7492834620000508],[-74.009506248999969,4.7492920010000717],[-74.009515507999936,4.74930871600003],[-74.009654827999952,4.7495602310000322],[-74.00969900299998,4.7498444060000224],[-74.009696824999935,4.7498486270000626],[-74.009611575999941,4.7500138230000744],[-74.00961093799998,4.7500150590000203],[-74.009618856999964,4.7502484720000666],[-74.009640691999948,4.750887452000029],[-74.009463059999973,4.7517786680000427],[-74.009458781999967,4.7518098860000464],[-74.009451339999941,4.7518642060000502],[-74.009447156999954,4.7518683880000481],[-74.009444695999946,4.7518708490000563],[-74.009398018999946,4.7521065260000341],[-74.009397525999987,4.7521089980000397],[-74.00915938199995,4.7528381780000473],[-74.008959536999953,4.7535469580000722],[-74.00895967699995,4.7535495000000765],[-74.009017142999937,4.7544816320000223],[-74.009331791999955,4.7552455270000564],[-74.009794061999969,4.7556122800000367],[-74.010234747999959,4.7559279730000412],[-74.010411747999967,4.7560547700000484],[-74.010854298999959,4.7564757550000536],[-74.011189844999933,4.7569354190000581],[-74.011325950999947,4.7571199070000603],[-74.011526457999935,4.7573444500000619],[-74.011840132999964,4.7576911880000239],[-74.012374491999935,4.7580556940000633],[-74.012406302999977,4.7580900230000225],[-74.012429459999964,4.7581061990000535],[-74.013030211999933,4.7587635820000287],[-74.013298425999949,4.7590530360000685],[-74.014067048999948,4.7594593930000428],[-74.014294762999953,4.7596035910000296],[-74.014392501999964,4.7595989080000436],[-74.014583257999959,4.7595749000000751],[-74.014903235999952,4.7596677970000201],[-74.015186279999966,4.7599720220000563],[-74.015338584999938,4.7600824020000232],[-74.015621833999944,4.7601056180000683],[-74.015962589999958,4.7603610100000537],[-74.016092966999963,4.7606647910000675],[-74.016099728999961,4.7607427930000199],[-74.01610259399996,4.7607445120000307],[-74.016870065999967,4.7612994520000598],[-74.017847563999965,4.7620165760000646],[-74.018455095999968,4.7625991670000758],[-74.018822167999986,4.7631630700000755],[-74.018875709999975,4.7633197170000585],[-74.018971325999985,4.7635883760000297],[-74.01902423599995,4.763731109000048],[-74.019103041999983,4.7639213050000535],[-74.019059575999961,4.7644766580000351],[-74.019022335999978,4.7648659100000259],[-74.018909321999956,4.7654205430000616],[-74.018909391999955,4.7654233690000751],[-74.018928629999948,4.7660743530000218],[-74.019002796999985,4.7669913030000544],[-74.019133840999984,4.7679263440000454],[-74.019132713999966,4.767928816000051],[-74.018919191999942,4.7683890090000318],[-74.01869998899997,4.76874263600007],[-74.018698649999976,4.7687450370000306],[-74.018486552999946,4.7691132130000256],[-74.018479864999961,4.7691173790000221],[-74.01847655499995,4.7691229580000254],[-74.018203110999934,4.7692943030000379],[-74.017965469999979,4.7696075310000765],[-74.017917377999936,4.7696715030000405],[-74.017916672999945,4.7696724220000419],[-74.017823696999983,4.769974942000033],[-74.017675321999945,4.7701237810000521],[-74.017583394999974,4.7702159960000472],[-74.017490664999968,4.7703158370000551],[-74.017433085999983,4.7704216130000532],[-74.017433627999935,4.7704252430000338],[-74.01743838799996,4.7704571430000442],[-74.01759679099996,4.7707144040000458],[-74.017443509999964,4.7715327810000758],[-74.016820036999945,4.7722721330000581],[-74.01675568099995,4.7723601060000647],[-74.016751566999972,4.7723657290000574],[-74.016693380999982,4.7725218710000377],[-74.016599832999987,4.7728574430000208],[-74.01658243299994,4.7729199400000653],[-74.016571231999933,4.7729629450000743],[-74.016569258999937,4.7729811650000329],[-74.016558275999955,4.7731448690000207],[-74.016558472999975,4.773146458000042],[-74.016559077999943,4.773152413000048],[-74.016583684999944,4.7733950350000214],[-74.016602326999987,4.7735788450000314],[-74.016594465999958,4.7737953190000439],[-74.016595231999986,4.7741115210000657],[-74.016495256999974,4.7742861040000548],[-74.016243754999948,4.7744375220000279],[-74.016174066999952,4.7745683780000263],[-74.01600988399997,4.7748503450000612],[-74.015959914999939,4.7750002500000619],[-74.015949207999938,4.7752251100000649],[-74.015952776999939,4.7753321850000248],[-74.015950110999938,4.7754387880000309],[-74.015949206999949,4.7754749530000709],[-74.015890845999934,4.7757130970000503],[-74.015799300999959,4.7758675640000661],[-74.015715303999968,4.7760389820000455],[-74.015968291999968,4.7765016350000451],[-74.01599504099994,4.7768119200000569],[-74.015978991999987,4.7770366040000454],[-74.01600164499996,4.777771810000047],[-74.016001586999948,4.778428414000075],[-74.016001585999959,4.7784518030000527],[-74.015978558999961,4.7789819660000603],[-74.016024463999941,4.7795467090000443],[-74.016035919999979,4.779915519000042],[-74.016024405999985,4.7802036540000472],[-74.015978429999961,4.7804456810000602],[-74.015963801999987,4.7807479970000486],[-74.015959994999946,4.7809854670000504],[-74.01597950699994,4.7812205590000758],[-74.015985216999979,4.7813875960000587],[-74.015988548999985,4.7815993690000482],[-74.015998065999952,4.7818920420000381],[-74.016002824999987,4.7822394430000372],[-74.016002823999941,4.7825368770000409],[-74.01598217999998,4.7829596420000371],[-74.016071969999985,4.7835086050000655],[-74.016089079999972,4.7839012590000607],[-74.01615359699997,4.7840411790000417],[-74.01634487299998,4.7844306890000325],[-74.016352769999969,4.7845870660000287],[-74.016359744999988,4.7847251470000742],[-74.016386512999986,4.7852278090000482],[-74.016525211999976,4.7856333920000225],[-74.016539533999946,4.7860046300000363],[-74.016556957999967,4.7864562840000531],[-74.016497710999943,4.7866144990000521],[-74.016431127999965,4.7867923040000733],[-74.016342091999945,4.7874673900000744],[-74.016053387999989,4.7877678820000256],[-74.016024922999975,4.7878723820000459],[-74.01602098099994,4.7880599360000247],[-74.016015233999951,4.7883333910000374],[-74.016005979999989,4.7887737090000542],[-74.016001296999946,4.7889964980000741],[-74.015993798999943,4.7893532600000412],[-74.01594036299997,4.7897041690000606],[-74.015894461999949,4.7900665790000403],[-74.015816238999946,4.7904542870000455],[-74.01576487899996,4.7909236430000419],[-74.015669421999974,4.7911277920000543],[-74.015620500999944,4.7913090070000521],[-74.015514148999955,4.7915242150000381],[-74.015480621999984,4.7917055180000716],[-74.015407959999948,4.7921936810000716],[-74.015351446999944,4.7923810630000503],[-74.015327652999986,4.7924464980000607],[-74.015267050999967,4.7925816890000306],[-74.015167039999938,4.7927558290000434],[-74.015104939999958,4.7929412520000483],[-74.015086736999933,4.7931314480000538],[-74.015056103999939,4.7932761470000287],[-74.014984397999967,4.7933300220000206],[-74.014859197999954,4.7933697600000755],[-74.014804029999937,4.7934074790000523],[-74.014705928999945,4.7935720430000401],[-74.014691652999943,4.7937683490000609],[-74.014767347999964,4.7940144550000241],[-74.014736365999966,4.7941019330000358],[-74.014558758999954,4.7943859370000723],[-74.014357723999979,4.794650607000051],[-74.014210163999962,4.7948141490000467],[-74.014184907999947,4.7948745320000512],[-74.014228371999934,4.7949347600000465],[-74.014304038999967,4.7950404090000234],[-74.014365427999962,4.7951017980000756],[-74.014388271999962,4.7951489120000588],[-74.01437113999998,4.7951831760000232],[-74.014305465999939,4.7951760370000329],[-74.014236926999956,4.7951889580000397],[-74.014117101999943,4.7953851330000248],[-74.01403675499995,4.7957882150000728],[-74.014015766999989,4.7958853540000632],[-74.013976613999944,4.7959400680000499],[-74.013650995999967,4.7962414400000739],[-74.01358003699994,4.7962691880000534],[-74.013500272999977,4.7963237560000493],[-74.013433988999964,4.7964199010000357],[-74.013402579999934,4.7965426800000728],[-74.013419708999947,4.7967748450000727],[-74.013405314999943,4.7968341640000745],[-74.013377952999974,4.796900790000052],[-74.01333922799995,4.7969764330000544],[-74.013316621999934,4.797051386000021],[-74.013324413999953,4.7971280280000315],[-74.013248598999951,4.7974820330000512],[-74.01316852399998,4.7975800200000549],[-74.01296681499997,4.7977511190000541],[-74.012858536999943,4.7978683030000298],[-74.012793526999985,4.7979008180000733],[-74.012715011999944,4.7979074100000503],[-74.012608760999967,4.7978987950000374],[-74.012515055999984,4.7978638160000742],[-74.012448771999971,4.797796657000049],[-74.012390951999976,4.7977742910000529],[-74.012273215999983,4.7977632300000437],[-74.011940727999956,4.7977227150000203],[-74.011548116999961,4.7977137920000246],[-74.010941353999954,4.7977018950000456],[-74.010563614999967,4.7976364590000458],[-74.010016338999947,4.7975799470000311],[-74.009644547999983,4.7975829210000711],[-74.009351738999953,4.7976303740000503],[-74.009200093999937,4.7976348530000337],[-74.009085374999984,4.7976245620000668],[-74.008900966999988,4.7975769730000479],[-74.008600564999938,4.7975740610000344],[-74.00835774799998,4.7976706070000432],[-74.008187377999946,4.797827595000058],[-74.007990834999987,4.7979162440000209],[-74.00750444099998,4.7979463790000523],[-74.007306727999946,4.7980540550000228],[-74.007200289999957,4.7980702640000459],[-74.007016433999979,4.7980159840000738],[-74.006773331999966,4.7978995430000282],[-74.006661990999987,4.7978905610000311],[-74.006002294999973,4.7982610030000501],[-74.005663699999957,4.7983657920000269],[-74.005662751999978,4.798366809000072],[-74.005293538999979,4.7987629810000385],[-74.005067979999978,4.7990708040000527],[-74.005053101999977,4.7993235790000313],[-74.005035662999944,4.7996198180000533],[-74.004979741999989,4.7996777210000232],[-74.004970394999987,4.7996811380000395],[-74.004483564999987,4.799859113000025],[-74.004474792999986,4.7998623200000452],[-74.004205790999947,4.8000854630000731],[-74.00405004299995,4.8002160070000741],[-74.003447990999973,4.8006447660000617],[-74.003446899999972,4.8006457530000262],[-74.003377000999933,4.800708984000039],[-74.003243796999982,4.8007794230000513],[-74.003175061999968,4.8008157710000319],[-74.002919089999978,4.8009821600000464],[-74.002862578999952,4.8012229620000539],[-74.00283067099997,4.8013006040000619],[-74.002704106999943,4.8014875570000299],[-74.002585409999938,4.8016077100000416],[-74.002523604999965,4.801685098000064],[-74.002406911999969,4.8016911200000436],[-74.002282771999944,4.8017118160000223],[-74.002188838999984,4.80174346900003],[-74.00216039999998,4.8018186590000482],[-74.00214041299995,4.8019452470000488],[-74.002115222999976,4.8020164530000216],[-74.001978508999969,4.8021878590000711],[-74.001935055999979,4.8023401900000522],[-74.001890092999986,4.8024024610000424],[-74.001817086999949,4.8024312620000273],[-74.001557305999938,4.8024505640000257],[-74.001342578999981,4.8024379140000519],[-74.001287590999937,4.8024664310000276],[-74.00124359299997,4.8025426110000353],[-74.00124748099995,4.8026974070000392],[-74.00118458299994,4.8028110140000422],[-74.001141651999944,4.8032278040000733],[-74.001193058999945,4.803613356000028],[-74.001244464999957,4.8038446880000265],[-74.001257316999954,4.8041274260000364],[-74.001278499999955,4.8042610000000536],[-74.001215369999954,4.8043900760000611],[-74.001148744999966,4.8044519410000248],[-74.001101155999947,4.8044947710000656],[-74.001058325999963,4.804537602000039],[-74.001013133999948,4.8045772380000358],[-74.000961726999947,4.8046800520000374],[-74.000871764999943,4.8048599770000351],[-74.000691839999945,4.8050527530000409],[-74.000553879999984,4.8052086100000224],[-74.000425058999951,4.805390826000064],[-74.000404118999938,4.8054993290000425],[-74.000407926999969,4.8055678570000282],[-74.000436480999952,4.8056497110000578],[-74.00050842099995,4.8057120600000758],[-74.000607801999934,4.8057981890000292],[-74.00068013799995,4.8058305490000635],[-74.000710593999941,4.8058667180000612],[-74.000716304999969,4.8059371500000339],[-74.00074998599996,4.8061792960000389],[-74.000731532999964,4.8063292850000607],[-74.000767700999972,4.8063768740000228],[-74.000857392999933,4.806406834000029],[-74.000927510999986,4.8065830590000473],[-74.000989697999955,4.8066724070000646],[-74.001038419999986,4.8067424110000729],[-74.001130476999947,4.8067709480000644],[-74.001305027999933,4.8068250580000722],[-74.001510610999958,4.8069437500000731],[-74.001572910999982,4.8070126670000377],[-74.001617412999963,4.8070619170000555],[-74.001668398999982,4.807233204000056],[-74.00168641099998,4.807278689000043],[-74.001733057999957,4.8073058310000647],[-74.001852735999989,4.8073419840000611],[-74.002122406999945,4.8073466160000748],[-74.002332196999987,4.8074288340000635],[-74.002492096999958,4.8075468550000551],[-74.00261011799995,4.8076325160000692],[-74.002649120999934,4.8076988490000758],[-74.002823332999981,4.8078497140000422],[-74.002911939999933,4.8080978080000705],[-74.003087689999973,4.8083708920000277],[-74.003219021999939,4.8084505740000623],[-74.003305603999934,4.8085242210000274],[-74.003347512999937,4.808606429000065],[-74.003388368999936,4.808726613000033],[-74.00343793199994,4.8088586520000263],[-74.003486357999975,4.8089282800000319],[-74.00358483399998,4.8090698710000765],[-74.003609707999942,4.8090932020000423],[-74.003689158999975,4.8091266760000622],[-74.003826545999971,4.8092769850000536],[-74.003834075999976,4.8093036510000502],[-74.004154840999945,4.8096045180000715],[-74.004295034999984,4.809713362000025],[-74.004432982999958,4.809913507000033],[-74.004735650999976,4.8100772140000458],[-74.004887935999989,4.8101971390000244],[-74.00495945199998,4.81026100400004],[-74.00498220299994,4.8104728790000308],[-74.005023842999947,4.8107881570000472],[-74.005011944999978,4.8113235370000211],[-74.005000047999943,4.8117577880000226],[-74.005081132999976,4.8122396510000272],[-74.005071432999955,4.8125668050000741],[-74.004668632999937,4.813273425000034],[-74.004452772999969,4.8135542810000516],[-74.004503596999939,4.8137846470000341],[-74.004648890999988,4.8140956910000341],[-74.004679128999953,4.8141636970000263],[-74.004349600999944,4.8147163020000221],[-74.004232671999944,4.8151782630000639],[-74.003940335999971,4.8156241680000562],[-74.003893599999969,4.8157909740000377],[-74.004000674999986,4.8160289200000648],[-74.004072058999952,4.8162192770000729],[-74.00388993599995,4.8169243840000604],[-74.003953338999963,4.8171779960000549],[-74.004029423999953,4.8173048050000489],[-74.004168912999944,4.8174442920000615],[-74.004287398999963,4.8177004910000392],[-74.004269916999988,4.8177862760000494],[-74.004241000999968,4.8178896580000696],[-74.003728482999975,4.8183196230000362],[-74.003727872999946,4.8183201350000218],[-74.003696201999958,4.8185587420000502],[-74.003735032999941,4.818698295000047],[-74.003743369999938,4.8187135310000713],[-74.004075285999988,4.8188885670000445],[-74.004133923999973,4.8190068150000229],[-74.004205308999985,4.8192245360000356],[-74.004266143999985,4.819316251000032],[-74.004298106999954,4.8195065020000243],[-74.004396657999962,4.8196431180000445],[-74.004490843999974,4.8197313610000379],[-74.004626220999967,4.8197813570000676],[-74.004721999999958,4.8198926190000293],[-74.004801174999955,4.820050879000064],[-74.004907058999947,4.820642742000075],[-74.005130104999978,4.8211055080000733],[-74.005500162999965,4.8214876760000607],[-74.005590730999984,4.8216703910000547],[-74.005617188999963,4.8216907330000254],[-74.005804724999962,4.8217354050000267],[-74.006139265999934,4.8217377340000667],[-74.006428748999951,4.8217468330000202],[-74.006767784999965,4.8217994440000211],[-74.007139493999944,4.8218198590000725],[-74.007537676999959,4.8218261560000428],[-74.007815334999975,4.8218194330000301],[-74.008020345999967,4.8217925680000349],[-74.008227609999949,4.8217613250000682],[-74.008416287999978,4.8217393310000602],[-74.008443531999944,4.8217402550000656],[-74.008630302999961,4.8217467180000426],[-74.008835310999984,4.8217315060000487],[-74.009021731999951,4.8217185490000247],[-74.009326999999985,4.8216542050000726],[-74.00959734099996,4.8216294010000524],[-74.009725191999962,4.82161247800002],[-74.009929648999957,4.8215306000000737],[-74.009935915999961,4.8215294000000313],[-74.009940702999984,4.821528484000055],[-74.010064260999968,4.8215042140000719],[-74.010341365999977,4.8214498920000324],[-74.010710269999947,4.8214081590000433],[-74.010893735999957,4.8213925880000374],[-74.01094907099997,4.8213878680000448],[-74.011267843999974,4.8213834120000456],[-74.01148410899998,4.8214043590000415],[-74.011749445999953,4.8214121100000398],[-74.011766200999944,4.8214109830000211],[-74.011775703999945,4.8214128910000227],[-74.011796119999985,4.8214134610000201],[-74.012080032999961,4.8214673990000279],[-74.012087846999975,4.8214688850000584],[-74.012281574999975,4.8215384130000416],[-74.012505142999942,4.821658229000036],[-74.012609892999933,4.8216853680000327],[-74.012876294999955,4.8216396600000735],[-74.013056741999947,4.82157684200007],[-74.013117009999974,4.8215558810000516],[-74.013134822999973,4.821549669000035],[-74.013158478999969,4.8215414110000552],[-74.013342654999974,4.821484951000059],[-74.013449812999966,4.8214403390000484],[-74.013585907999982,4.8213813980000282],[-74.013589850999949,4.821382035000056],[-74.013594989999945,4.8213799170000584],[-74.013793230999966,4.8214104640000528],[-74.014004988999943,4.8214342340000371],[-74.01400646899998,4.8214359980000268],[-74.014018502999988,4.8214498440000284],[-74.014075936999973,4.8215161670000271],[-74.014170552999985,4.821522046000041],[-74.014180479999936,4.8215226840000582],[-74.014239826999983,4.8215263680000362],[-74.014306850999958,4.8215047010000376],[-74.014471879999974,4.8214512740000259],[-74.014679568999952,4.8214071060000379],[-74.01477411999997,4.8213859380000486],[-74.014808688999949,4.8213781750000635],[-74.014970333999941,4.8213372480000203],[-74.015334183999983,4.8212226300000225],[-74.015540888999965,4.8211729530000298],[-74.015743085999986,4.8211264530000335],[-74.015759419999938,4.8211227140000688],[-74.015962171999945,4.8211284030000456],[-74.016146334999974,4.8211415010000565],[-74.016164850999985,4.8211424240000724],[-74.016218352999942,4.8211451190000503],[-74.016294243999937,4.8211532540000235],[-74.016396955999937,4.8211618180000642],[-74.016640815999949,4.8211872890000222],[-74.016902688999949,4.8212749080000208],[-74.01711471599998,4.821366049000062],[-74.017153644999951,4.8213819460000309],[-74.01726085599995,4.8214280820000681],[-74.017411777999939,4.8215072060000352],[-74.017530036999972,4.8215778480000608],[-74.017769380999937,4.821663203000071],[-74.017977191999989,4.8217186090000723],[-74.018191205999983,4.8217358100000638],[-74.018193317999987,4.8217359510000506],[-74.018201623999971,4.8217378600000416],[-74.018432807999943,4.8217887510000423],[-74.018619223999963,4.8218125140000438],[-74.018656603999943,4.8218221250000397],[-74.018802677999986,4.8218595090000349],[-74.018805844999974,4.8218602870000495],[-74.019029770999964,4.8219515730000353],[-74.019215332999977,4.822020321000025],[-74.019240393999951,4.8220295770000234],[-74.019467340999938,4.8221573010000611],[-74.019672336999975,4.8222095970000396],[-74.019746675999954,4.8222285390000366],[-74.020172445999947,4.8222839850000696],[-74.020412362999934,4.8223184910000327],[-74.020620188999942,4.822289152000053],[-74.020851653999955,4.8223530360000382],[-74.021260499999983,4.8225672320000399],[-74.021501530999956,4.8226723600000696],[-74.021615719999943,4.8226677910000717],[-74.021617267999943,4.8226677200000267],[-74.021798479999973,4.8226611150000736],[-74.022261310999966,4.8225527270000725],[-74.022450075999984,4.8224373680000667],[-74.022531824999987,4.8223525680000421],[-74.022573862999934,4.8223094970000489],[-74.022645336999972,4.8222073230000433],[-74.022647831999961,4.8222062990000722],[-74.022649313999977,4.8222040950000746],[-74.022662582999942,4.8222002430000543],[-74.022711024999978,4.8221803580000255],[-74.022789109999962,4.8221239450000439],[-74.022844732999943,4.8220803120000255],[-74.022847407999961,4.8220781940000279],[-74.02294415199998,4.8220035660000349],[-74.022997519999933,4.8219833780000272],[-74.023092144999964,4.8219438480000463],[-74.023276322999948,4.8218760850000422],[-74.023441908999985,4.8218473030000268],[-74.023595094999962,4.8218786150000597],[-74.023742653999989,4.8218773000000397],[-74.023894783999935,4.8219014810000544],[-74.023921254999948,4.8219048750000297],[-74.023973067999975,4.8219108870000582],[-74.023998974999984,4.8219135040000651],[-74.024082678999946,4.8219219230000476],[-74.024089014999959,4.8219225590000292],[-74.024255713999935,4.8219723060000206],[-74.024444940999956,4.8220186670000658],[-74.024634164999952,4.8220836730000656],[-74.024768195999968,4.8221469730000308],[-74.024821623999969,4.8221765020000475],[-74.024850415999936,4.8221897840000452],[-74.024903067999958,4.8222215010000582],[-74.024923200999979,4.8222336510000332],[-74.025035407999951,4.822298925000041],[-74.025137054999959,4.8223589000000402],[-74.025196154999946,4.8225668170000517],[-74.025283402999946,4.8228346250000413],[-74.025704065999946,4.8231149220000589],[-74.026092675999962,4.8231110370000465],[-74.02646270799994,4.8230613860000631],[-74.026754457999971,4.82299929200002],[-74.027207267999984,4.8230242300000441],[-74.027550812999948,4.8230740070000593],[-74.028321820999963,4.8231741390000593],[-74.028573563999942,4.8232176860000209],[-74.028925564999952,4.8232279160000644],[-74.029280376999964,4.823259050000047],[-74.029631827999935,4.8231867950000264],[-74.029816563999987,4.8231551890000333],[-74.030070519999981,4.8234298050000461],[-74.030316251999977,4.8236388130000591],[-74.030547484999943,4.8238355310000429],[-74.031062629999951,4.8241022110000245],[-74.031077975999949,4.8241101930000241],[-74.031535805999965,4.8244289110000409],[-74.032053334999944,4.824765717000048],[-74.032621544999984,4.8251364280000644],[-74.033323218999953,4.8256088560000308],[-74.033597251999936,4.8258375710000223],[-74.033737976999987,4.8254365400000552],[-74.033763333999957,4.825364018000073],[-74.033764249999933,4.8253614750000224],[-74.034314626999958,4.8254398150000384],[-74.034471617999941,4.8254621560000714],[-74.034498132999943,4.82546579600006],[-74.034917233999977,4.8255233450000219],[-74.03501898199994,4.8255252210000208],[-74.035018783999988,4.8255261950000659],[-74.035020472999975,4.8255261950000659],[-74.035480359999951,4.8256086430000664],[-74.035504439999954,4.8256123940000748],[-74.035616794999953,4.8256325400000719],[-74.035627144999978,4.8256347310000365],[-74.03624193099995,4.8257640660000334],[-74.036751829999957,4.8258471290000671],[-74.036839405999956,4.8258614070000476],[-74.037340438999934,4.8259181250000438],[-74.037358671999982,4.8259201760000678],[-74.037473211999952,4.8259331890000681],[-74.037498062999987,4.82593700700005],[-74.037705527999947,4.8259686780000379],[-74.037958259999982,4.8260072770000306],[-74.03796762199994,4.8260086910000268],[-74.038314051999976,4.8260898190000603],[-74.038343336999958,4.8260966730000519],[-74.038446047999969,4.8261155460000396],[-74.039676687999986,4.8263414440000361],[-74.039730823999946,4.8263514110000756],[-74.040259589999948,4.8264311520000547],[-74.040702614999987,4.8264855290000241],[-74.040778995999972,4.8264950030000477],[-74.040779251999936,4.8264961650000373],[-74.040788288999977,4.8264972860000626],[-74.040836125999988,4.8267144520000329],[-74.040882124999939,4.8269800620000751],[-74.040971380999963,4.827352147000056],[-74.040972025999963,4.8273548340000616],[-74.040994054999942,4.8274466690000395],[-74.041044216999978,4.827976938000063],[-74.041167556999937,4.8286749810000629],[-74.041153579999957,4.8288752050000312],[-74.041475593999962,4.8293513580000536],[-74.041882717999954,4.8298519790000682],[-74.042195230999937,4.8302887450000753],[-74.042422715999976,4.8306215430000634],[-74.042453264999949,4.8306566450000332],[-74.042789863999985,4.8310441920000358],[-74.043121520999989,4.8315340670000637],[-74.043547227999966,4.8320618080000486],[-74.043890704999967,4.8325974460000225],[-74.044072068999981,4.8328854510000383],[-74.044129930999986,4.83297587200002],[-74.044215919999942,4.8328505990000394],[-74.044299505999959,4.832728861000021],[-74.044301405999988,4.8327264610000498],[-74.044489624999983,4.8324854620000224],[-74.044541309999943,4.8324192970000581],[-74.044545183999958,4.8324143560000721],[-74.044546450999974,4.8324120960000414],[-74.044697474999964,4.8318540040000357],[-74.044700574999979,4.8318424940000568],[-74.044701277999934,4.8318399510000631],[-74.044835749999947,4.8313375070000575],[-74.044846385999961,4.8312978190000422],[-74.044847230999949,4.8312947830000326],[-74.045051600999955,4.8308484210000415],[-74.045053362999965,4.8308460920000584],[-74.045383043999948,4.8304139430000532],[-74.045385155999952,4.830412602000024],[-74.045877517999941,4.8300904340000557],[-74.046307838999951,4.8298916310000664],[-74.046843439999975,4.8299685450000425],[-74.047562006999954,4.8305669460000331],[-74.047786096999971,4.8310325090000674],[-74.04805743999998,4.8318896000000677],[-74.048258433999933,4.832382841000026],[-74.048545024999953,4.8329647960000557],[-74.048760108999943,4.833407194000074],[-74.048911564999969,4.8337292460000754],[-74.049083268999937,4.8342642900000214],[-74.049323689999937,4.8347569740000722],[-74.049669463999976,4.8350287720000438],[-74.049963441999978,4.8351636280000321],[-74.050110331999974,4.83494147600004],[-74.050061364999976,4.834703902000058],[-74.050026539999976,4.8345349030000762],[-74.049923889999945,4.8340774090000309],[-74.049826644999939,4.8337298710000596],[-74.049715548999984,4.8332449030000362],[-74.049709779999944,4.8332197630000451],[-74.04963915999997,4.8327710300000604],[-74.049571765999985,4.8324140330000205],[-74.049523209999961,4.8322688300000323],[-74.049301048999951,4.8316050370000312],[-74.049063925999974,4.8311877780000714],[-74.049022149999985,4.8308878460000528],[-74.049010990999989,4.8306468170000585],[-74.049010710999937,4.8306403180000643],[-74.049011766999968,4.8306396120000272],[-74.049011696999969,4.8306377770000495],[-74.049279809999973,4.8304587210000705],[-74.049887512999987,4.8304480750000494],[-74.050295265999978,4.8305244020000373],[-74.050666932999945,4.8308809480000718],[-74.050967631999981,4.8312742050000566],[-74.051300438999988,4.8316358290000494],[-74.051578054999936,4.8319675010000651],[-74.051851157999977,4.8323596240000484],[-74.052357436999955,4.8326986730000385],[-74.052772474999983,4.8330540940000333],[-74.053296468999974,4.8330820600000379],[-74.05361993799994,4.8327477890000523],[-74.053616621999936,4.8322829630000683],[-74.053617256999985,4.8322802100000217],[-74.053659944999936,4.8320882690000531],[-74.053730600999984,4.8317706980000708],[-74.053731445999972,4.8317678720000572],[-74.053797089999989,4.8315445100000716],[-74.053852169999971,4.8313569500000426],[-74.053853506999985,4.8313545490000251],[-74.053919700999984,4.8312349960000347],[-74.054112154999984,4.8308910300000321],[-74.054113280999957,4.8308890540000675],[-74.054130954999948,4.8308553690000622],[-74.054284822999989,4.830561398000043],[-74.054286653999952,4.8305592800000454],[-74.054623291999974,4.8301769850000369],[-74.054625544999965,4.8301750090000724],[-74.054976747999945,4.8298617830000694],[-74.055451853999955,4.8295711030000348],[-74.055704572999957,4.829192540000065],[-74.055706544999964,4.8291904210000212],[-74.056016353999951,4.8288521210000681],[-74.056018255999959,4.8288500730000692],[-74.05630324699996,4.8287919190000252],[-74.056667630999982,4.8288710620000757],[-74.057171123999979,4.8289829910000321],[-74.057784448999939,4.829053128000055],[-74.058467625999981,4.8290029360000517],[-74.059033657999976,4.8289419930000577],[-74.059660526999949,4.828786707000063],[-74.060205522999979,4.828621455000075],[-74.060397267999974,4.828275298000051],[-74.060378756999967,4.8282420330000377],[-74.060221445999957,4.8279597410000292],[-74.060204412999951,4.8279292310000415],[-74.060208391999936,4.8276401840000744],[-74.060209800999985,4.8276394070000492],[-74.060209800999985,4.8276376400000345],[-74.060416511999961,4.8275207200000523],[-74.060658139999987,4.8274337460000538],[-74.060891272999982,4.8277043930000332],[-74.061039344999983,4.8281111850000684],[-74.061182912999982,4.8285174140000322],[-74.061274675999982,4.828826460000073],[-74.061451487999989,4.8291067040000257],[-74.061580971999945,4.8295434390000764],[-74.06173296999998,4.8300897770000688],[-74.061916506999978,4.8306474210000374],[-74.062100070999975,4.8309869860000276],[-74.062325868999949,4.8313932240000668],[-74.062512247999962,4.8317350500000202],[-74.062685100999943,4.8321712240000352],[-74.062725413999942,4.8323392480000393],[-74.06279785199996,4.8326397170000632],[-74.062831609999989,4.8335381500000381],[-74.062749805999943,4.8340616230000251],[-74.062607081999943,4.8346660600000746],[-74.062605484999949,4.835200832000055],[-74.06278832299995,4.8355017010000552],[-74.062995008999962,4.835596075000069],[-74.063238479999939,4.8354166580000424],[-74.063240592999989,4.8354151050000382],[-74.063414163999937,4.8351606810000476],[-74.063415289999966,4.8351580690000446],[-74.063509374999967,4.8349365440000724],[-74.063575782999976,4.8347790670000563],[-74.06357683899995,4.8347765960000402],[-74.063824149999959,4.834272042000066],[-74.063825840999982,4.8342700660000446],[-74.064104176999933,4.8339456690000588],[-74.064105373999951,4.8339435500000718],[-74.064180105999981,4.8336452580000469],[-74.064121499999942,4.8333223740000335],[-74.064111693999962,4.8329051470000763],[-74.064111061999938,4.8329026030000364],[-74.064077214999941,4.8327701160000629],[-74.064027393999936,4.8325689820000548],[-74.063984124999934,4.8323446870000453],[-74.063941903999989,4.8321703180000668],[-74.063912631999983,4.8320496260000709],[-74.06384748499994,4.8316972210000699],[-74.063850499999944,4.8312065490000577],[-74.063850993999949,4.831204218000039],[-74.063946299999941,4.830756425000061],[-74.063946793999946,4.8307542370000647],[-74.064021858999979,4.8305988110000726],[-74.064100657999973,4.8304359680000744],[-74.064102488999936,4.8304343450000715],[-74.064260063999939,4.8302940420000482],[-74.064490425999963,4.8302093250000553],[-74.064663867999968,4.8304257260000441],[-74.064721838999958,4.830766972000049],[-74.064721988999963,4.830768062000061],[-74.064722459999984,4.830770823000023],[-74.064761234999935,4.8310528480000698],[-74.064862572999971,4.8313387320000629],[-74.064997680999966,4.8318624710000222],[-74.064997938999966,4.8318654230000675],[-74.064998152999976,4.8318662520000544],[-74.065028932999951,4.8322121810000453],[-74.064970836999976,4.8325818810000669],[-74.064876545999937,4.8329886420000321],[-74.064756466999938,4.8333450490000587],[-74.064726408999945,4.8337738360000344],[-74.064734929999986,4.8338443320000692],[-74.064778367999963,4.8342010540000615],[-74.064861063999956,4.8345324760000494],[-74.064960711999959,4.8348658170000363],[-74.065091901999949,4.8351923820000593],[-74.065232681999987,4.8353861800000573],[-74.065512588999979,4.8354681350000419],[-74.06579813999997,4.8354585630000315],[-74.066067576999956,4.835367212000051],[-74.066304862999971,4.8350981060000322],[-74.066306130999976,4.8350955640000279],[-74.06646886599998,4.8347712940000633],[-74.066470203999984,4.8347688230000472],[-74.066679904999944,4.8343794450000246],[-74.066681384999981,4.8343767630000229],[-74.06688890199996,4.833996920000061],[-74.066889677999939,4.8339955760000635],[-74.066890309999962,4.8339942350000342],[-74.066955237999935,4.8338508820000357],[-74.067090232999988,4.8335525270000517],[-74.067091359999949,4.8335496320000289],[-74.067170724999983,4.8333431470000505],[-74.06725107699998,4.8331336970000507],[-74.06725185199997,4.8331310120000239],[-74.067390387999978,4.8326532090000569],[-74.067390668999963,4.8326502440000354],[-74.067429299999958,4.8322057620000578],[-74.067443651999952,4.8316896710000492],[-74.067443440999966,4.8316870570000674],[-74.067409129999987,4.8313002640000491],[-74.067380311999955,4.8309084580000672],[-74.067364591999933,4.8304753410000671],[-74.067345263999982,4.8301999180000621],[-74.067335493999963,4.8300606540000217],[-74.067243442999938,4.8297634720000246],[-74.067143172999977,4.8293287900000337],[-74.067061972999966,4.8289628240000297],[-74.067017379999982,4.8286032910000358],[-74.066973692999966,4.8283399420000706],[-74.066967383999952,4.8281018790000303],[-74.066966331999936,4.8280626150000217],[-74.066967739999939,4.8280614850000347],[-74.06696766999994,4.8280599300000517],[-74.067080885999985,4.8279695490000449],[-74.067291521999948,4.8280017780000435],[-74.067507776999946,4.8281396540000401],[-74.067684610999947,4.8282594470000504],[-74.067994916999965,4.8284284070000467],[-74.068263557999956,4.8285199620000299],[-74.068474189999961,4.8285843920000389],[-74.068691582999975,4.8286279200000308],[-74.068902222999952,4.8286279440000612],[-74.069082450999986,4.8286172300000203],[-74.069100683999977,4.828615538000065],[-74.069243248999953,4.8285838450000256],[-74.069315480999933,4.8285951520000481],[-74.069326884999953,4.8285940950000281],[-74.06959610499996,4.8285410190000562],[-74.069867577999958,4.8284811640000385],[-74.070088363999957,4.8284032230000662],[-74.070273101999987,4.8283439220000446],[-74.07043079999994,4.8283495890000268],[-74.070569911999939,4.8283411310000588],[-74.070742247999988,4.8283948210000744],[-74.070766447999972,4.828559230000053],[-74.070840080999972,4.8289206010000498],[-74.070843817999958,4.8289388530000679],[-74.070885947999955,4.8292823560000215],[-74.070871505999946,4.8294429710000486],[-74.070834067999954,4.829817025000068],[-74.070876013999964,4.8301199360000737],[-74.070890169999984,4.8302202390000275],[-74.070890063999968,4.8302214010000739],[-74.070890507999934,4.8302246070000479],[-74.070872017999989,4.8304402830000299],[-74.070853394999972,4.8308714690000443],[-74.070847687999958,4.8312233610000703],[-74.070917608999935,4.8316394320000313],[-74.070964874999959,4.8320332170000597],[-74.071033553999939,4.8323213560000227],[-74.071204164999983,4.8327095060000715],[-74.071280724999951,4.8330479280000418],[-74.071344342999964,4.8332631870000569],[-74.07145019799998,4.833525906000034],[-74.071534654999937,4.8337519010000278],[-74.071623057999943,4.833952474000057],[-74.071714275999966,4.8341558710000641],[-74.071893344999978,4.8344519320000359],[-74.072073548999981,4.8346705930000553],[-74.072199123999951,4.8348621300000332],[-74.072633307999979,4.8353576500000486],[-74.072829284999955,4.8355503250000424],[-74.073052859999962,4.8357407420000413],[-74.073191397999949,4.8358520560000215],[-74.073283195999977,4.8359176010000624],[-74.07338681899995,4.8359921880000343],[-74.073608143999934,4.8361526620000745],[-74.073993921999943,4.8363871620000509],[-74.074373505999972,4.8365945460000717],[-74.074540771999978,4.8366663130000234],[-74.074751409999976,4.836705319000032],[-74.074947971999961,4.8367194630000654],[-74.075195219999955,4.8367426540000338],[-74.075414871999953,4.836756236000042],[-74.07562325899994,4.8367749010000693],[-74.075814751999985,4.8367732270000374],[-74.076000050999937,4.8367738100000679],[-74.076201119999951,4.8367489720000663],[-74.076379097999961,4.8367263920000596],[-74.076522720999947,4.8367088940000258],[-74.076632547999964,4.8366896970000539],[-74.076799260999962,4.8366812390000291],[-74.077052152999954,4.8366072550000467],[-74.077232386999981,4.8365507770000704],[-74.077407553999933,4.8364711340000213],[-74.077519073999952,4.8364310340000429],[-74.07789756699998,4.8363000010000405],[-74.078737352999951,4.8359712760000662],[-74.079599661999964,4.8356770150000443],[-74.080467608999982,4.8353313420000745],[-74.081375559999969,4.8347901940000497],[-74.082140439999989,4.8344043970000712],[-74.082939674999977,4.8340016520000404],[-74.083801448999964,4.8333689730000629],[-74.084749374999944,4.8329255640000497],[-74.085720380999987,4.8325962760000607],[-74.086554110999941,4.8321817360000523],[-74.086685926999962,4.8318921340000429],[-74.086712191999936,4.8318345100000215],[-74.086587243999986,4.8316625390000354],[-74.086500870999942,4.8315437070000371],[-74.085872205999976,4.8311900570000716],[-74.085870875999944,4.8311886220000702],[-74.085870601999943,4.8311884680000503],[-74.08582688599995,4.8311413620000394],[-74.085155268999983,4.8304168090000417],[-74.084320153999954,4.8296912590000716],[-74.084319899999969,4.8296909390000451],[-74.084318460999953,4.8296896890000767],[-74.083751093999979,4.8289742510000337],[-74.08304054599995,4.8281156510000756],[-74.082647065999936,4.8274684460000685],[-74.082535778999954,4.8272853870000745],[-74.080966949999947,4.8255754790000651],[-74.080177786999968,4.8249814610000499],[-74.080177682999988,4.8249810890000617],[-74.080176095999946,4.8249798940000233],[-74.079909089999944,4.8240206290000742],[-74.079865034999955,4.8238625050000223],[-74.079573768999978,4.8233301380000739],[-74.079388790999985,4.8229920600000469],[-74.079343044999973,4.8228371140000377],[-74.079175830999986,4.8222701550000693],[-74.079123897999978,4.8220409150000592],[-74.079027358999952,4.8215241760000254],[-74.078950452999948,4.8211124510000332],[-74.078951719999964,4.8211100480000368],[-74.079371661999971,4.8203374320000307],[-74.079373633999978,4.8203353830000424],[-74.079879087999984,4.8198087450000457],[-74.079881200999978,4.8198065550000706],[-74.080654003999939,4.8188444250000657],[-74.08068230799995,4.8188091890000351],[-74.080683715999953,4.8188072110000348],[-74.080995981999934,4.8183671340000274],[-74.080997461999971,4.8183650870000747],[-74.081354685999941,4.8174723360000371],[-74.081355741999971,4.8174694400000249],[-74.08163889399998,4.8166802830000393],[-74.081639738999968,4.8166780230000654],[-74.082022178999978,4.8163729780000608],[-74.082531825999979,4.816882625000062],[-74.082721564999986,4.8175012780000657],[-74.082721783999943,4.8175030530000527],[-74.08272250999994,4.8175054190000424],[-74.082780674999981,4.817981153000062],[-74.082518775999972,4.8184805540000752],[-74.082216801999948,4.8188939230000756],[-74.082229973999972,4.8189854900000455],[-74.082309064999947,4.8195327760000737],[-74.082607551999956,4.8201447380000673],[-74.082871643999965,4.8206826090000732],[-74.083193152999968,4.8215250000000651],[-74.083423446999973,4.8221380090000707],[-74.083982740999943,4.8217584050000255],[-74.084998251999934,4.8211313870000367],[-74.085426853999934,4.8210557200000608],[-74.086050310999951,4.8211518200000683],[-74.08656353799995,4.8210249590000558],[-74.086633162999988,4.8202441140000474],[-74.086636404999979,4.820207392000043],[-74.086636474999978,4.8202044250000426],[-74.086650994999957,4.819209666000063],[-74.086651205999942,4.8192071930000679],[-74.086712662999958,4.818435599000054],[-74.086712943999942,4.8184327030000418],[-74.08672837499995,4.8182721130000346],[-74.086785310999971,4.817678623000063],[-74.086785521999957,4.8176765030000297],[-74.086945440999955,4.8172015950000286],[-74.08697220099998,4.8171220070000231],[-74.086972762999949,4.8171191120000572],[-74.087040728999966,4.8167837410000516],[-74.08704101099994,4.8167807750000406],[-74.087117740999986,4.8160319930000242],[-74.087119430999962,4.8160151840000367],[-74.086923282999976,4.8154946170000699],[-74.086049405999972,4.8150558820000242],[-74.085083085999941,4.8148859390000212],[-74.084242436999943,4.8146927740000365],[-74.083167264999986,4.8143338980000294],[-74.083166838999944,4.8143327560000557],[-74.083165448999978,4.8143322920000742],[-74.083147430999986,4.8142839150000327],[-74.082937481999977,4.8137211910000701],[-74.082906793999939,4.8136389850000683],[-74.082908484999962,4.8136383510000655],[-74.082907779999971,4.8136363730000653],[-74.083535765999954,4.8133946260000471],[-74.084227379999959,4.8132839570000669],[-74.084945128999948,4.812979012000028],[-74.084681282999952,4.8121166350000522],[-74.084059101999969,4.8117519680000669],[-74.083120736999945,4.811255147000054],[-74.082439723999983,4.8108781470000395],[-74.081696229999977,4.8106217980000565],[-74.080758127999957,4.8102625490000719],[-74.080043124999975,4.8099888630000578],[-74.080042613999979,4.8099877930000616],[-74.080041258999984,4.8099872740000365],[-74.080025843999977,4.8099549980000234],[-74.079748457999983,4.8093744690000335],[-74.079749092999975,4.8093717160000438],[-74.079922275999934,4.8086158100000489],[-74.079947066999978,4.8085077620000334],[-74.079948333999937,4.8085063500000729],[-74.080527569999958,4.8078585340000473],[-74.080529752999951,4.8078571210000405],[-74.081254270999978,4.8073961790000226],[-74.081905334999988,4.8072284480000462],[-74.082624572999975,4.8067454700000667],[-74.08335507399994,4.8062794430000508],[-74.084193717999938,4.8056642720000582],[-74.084902233999969,4.8053931540000576],[-74.085455876999958,4.8050881220000292],[-74.086192005999976,4.8046051440000497],[-74.086603159999981,4.8043000990000451],[-74.087122446999956,4.8039781150000636],[-74.087721704999979,4.8036787350000623],[-74.088475985999935,4.803304722000064],[-74.088742121999985,4.8029375170000321],[-74.088769431999935,4.8028998210000395],[-74.088269288999982,4.8027242650000517],[-74.087582962999988,4.8025021830000583],[-74.087581083999964,4.8025004820000277],[-74.087094312999966,4.8020600550000268],[-74.087100116999977,4.8016986190000353],[-74.087100116999977,4.8016962180000746],[-74.08837406899994,4.8013952030000269],[-74.088995404999935,4.8013828260000651],[-74.088875266999935,4.8010069020000401],[-74.088719161999961,4.8005643090000376],[-74.08849119599995,4.7999178280000478],[-74.088426727999945,4.7997351290000552],[-74.088316818999942,4.7991046890000462],[-74.088317593999989,4.7991019340000207],[-74.088368154999955,4.7989253160000658],[-74.088379140999962,4.7988866870000493],[-74.088379983999971,4.7988839330000701],[-74.088384631999986,4.7988683980000246],[-74.088385054999947,4.7988669840000284],[-74.088506666999933,4.7984626910000543],[-74.088594969999974,4.7981694830000379],[-74.088595674999965,4.7981670120000217],[-74.089273089999949,4.7975940530000685],[-74.089274920999969,4.7975924990000749],[-74.090058286999977,4.797831545000065],[-74.09079494599996,4.797640647000037],[-74.091513462999956,4.7971750330000305],[-74.091570116999947,4.7966850970000223],[-74.091056334999962,4.7964229500000215],[-74.090427292999948,4.7962351570000692],[-74.089701290999983,4.7961736300000553],[-74.088913090999938,4.7964161630000604],[-74.087256503999981,4.7968095770000332],[-74.087256217999936,4.7968074810000303],[-74.08725457099996,4.7968078720000449],[-74.087195545999975,4.7963751030000594],[-74.087180839999974,4.7962673360000281],[-74.087173243999985,4.7962117560000479],[-74.087174439999956,4.7962098500000252],[-74.087537319999967,4.7956258490000323],[-74.087538797999969,4.7956234480000717],[-74.088074976999962,4.7952613510000219],[-74.089380310999957,4.794148410000048],[-74.089382282999964,4.7941467150000676],[-74.089449306999938,4.7940614810000284],[-74.089904544999968,4.7934820770000215],[-74.089906445999986,4.7934808760000465],[-74.090573989999939,4.7930542420000393],[-74.091287012999942,4.7925712540000518],[-74.092051856999944,4.7919673690000764],[-74.092850489999989,4.791369699000029],[-74.092858374999935,4.7913638380000521],[-74.093500995999989,4.7908867040000587],[-74.09367072699996,4.7908461090000287],[-74.093711697999936,4.7908362980000447],[-74.093717074999972,4.7908349580000618],[-74.092929665999975,4.7894930890000751],[-74.092842218999976,4.7892847490000463],[-74.092110719999937,4.7876535270000318],[-74.092013926999982,4.7874400650000553],[-74.092001970999945,4.7874155510000378],[-74.091397566999945,4.7855953760000602],[-74.091218087999948,4.7850881270000514],[-74.090923578999934,4.7837506840000401],[-74.090621731999988,4.7824348550000764],[-74.090560359999984,4.7819059900000411],[-74.090471729999933,4.7811165290000304],[-74.090328651999982,4.7800612920000276],[-74.090239517999976,4.7794094830000518],[-74.090199095999935,4.7782165920000352],[-74.09017158599994,4.7769057410000642],[-74.090145933999963,4.7763718910000534],[-74.09012778999994,4.7759141080000518],[-74.090199973999972,4.7745271880000359],[-74.090088571999956,4.7730722160000596],[-74.090050358999974,4.7726824880000436],[-74.090073685999982,4.7723186000000624],[-74.090292087999956,4.7708377810000684],[-74.090455617999964,4.7700206790000266],[-74.090627137999945,4.7689930720000575],[-74.09099387699996,4.7672666400000594],[-74.091017120999936,4.7671483620000572],[-74.091087695999988,4.7668670490000409],[-74.091569522999976,4.7653036480000424],[-74.091740777999973,4.7648751270000389],[-74.092296847999989,4.7634589300000698],[-74.092653411999947,4.7627715910000461],[-74.093329821999987,4.7616142040000682],[-74.093783283999983,4.7610455210000282],[-74.095001792999938,4.7597694600000295],[-74.095115224999972,4.759670561000064],[-74.095332384999949,4.7594909980000466],[-74.096629694999933,4.7586127520000332],[-74.097530981999967,4.7579246880000596],[-74.098129096999969,4.757528771000068],[-74.098907493999945,4.7569679460000316],[-74.099681289999978,4.7565365190000648],[-74.100401773999977,4.7560798960000739],[-74.101248944999952,4.7555711340000357],[-74.102213060999986,4.7549132380000287],[-74.102789966999978,4.7545594820000474],[-74.103237367999952,4.7542350920000445],[-74.10430062599994,4.753495077000025],[-74.105675791999943,4.7523902930000759],[-74.105752913999936,4.7523292560000527],[-74.105897287999937,4.7522004370000559],[-74.107203261999985,4.7511600730000509],[-74.107877404999954,4.7505454970000756],[-74.10859775199998,4.7498938420000627],[-74.109779764999985,4.7487007070000686],[-74.109940403999985,4.7485375500000373],[-74.110457366999981,4.7479654720000326],[-74.111258619999944,4.7471388080000452],[-74.111509199999944,4.7468559210000763],[-74.112543974999937,4.7456829780000476],[-74.113101044999951,4.7450111360000733],[-74.113820335999947,4.7442115280000507],[-74.114721363999934,4.7431663470000558],[-74.115080252999974,4.7427115160000426],[-74.116129274999935,4.7413215670000568],[-74.116283622999958,4.7411132600000201],[-74.117097648999959,4.740115195000044],[-74.117536384999937,4.7396008290000395],[-74.117652784999962,4.7394767760000605],[-74.118842159999986,4.7381805130000316],[-74.119445336999945,4.7376319650000482],[-74.120215972999972,4.7368784160000246],[-74.121663300999955,4.7357871230000228],[-74.121695310999939,4.7357596680000711],[-74.121751623999955,4.7357167140000342],[-74.123384301999977,4.7350051810000764],[-74.124759354999981,4.7341792310000415],[-74.125404712999966,4.7348265140000763],[-74.125048966999941,4.7339421950000542],[-74.126027756999974,4.7322200380000368],[-74.126083336999955,4.7320974200000592],[-74.126797476999968,4.7312413340000603],[-74.126321412999971,4.7305880280000565],[-74.126320710999948,4.7305866160000392],[-74.126170222999974,4.7302758100000233],[-74.126126793999958,4.7301866850000351],[-74.126113703999977,4.7301164880000215],[-74.126106102999984,4.730075667000051],[-74.126028473999952,4.7296594260000688],[-74.126029388999939,4.72965836700007],[-74.126029107999955,4.729656885000054],[-74.126303782999969,4.7293309760000284],[-74.126307793999956,4.7293261750000397],[-74.126308920999975,4.7293244110000501],[-74.126404937999951,4.7291705280000542],[-74.12654079899994,4.7289528100000666],[-74.12654262999996,4.728951256000073],[-74.127014822999968,4.7285504270000729],[-74.12701594899994,4.7285494380000728],[-74.127175386999966,4.7284140620000699],[-74.12716328199997,4.7283995830000549],[-74.12716250699998,4.7283985950000442],[-74.127155467999955,4.7283901210000749],[-74.127577823999957,4.7279772830000297],[-74.127624493999974,4.7279297560000373],[-74.127626254999939,4.7279280610000569],[-74.127628012999935,4.7279255190000526],[-74.128142448999938,4.7271774460000415],[-74.128144068999973,4.7271759640000255],[-74.128604433999953,4.7267404580000516],[-74.128606053999988,4.726738904000058],[-74.128925908999975,4.7267665960000613],[-74.129058233999956,4.7270988000000216],[-74.129368498999952,4.7278208350000455],[-74.129498029999979,4.7280912540000486],[-74.129645663999952,4.7283981080000217],[-74.129657905999977,4.7287550520000536],[-74.130084207999971,4.7284077190000744],[-74.130168108999953,4.7283467120000751],[-74.130266929999948,4.7282969760000242],[-74.131858987999976,4.7275955340000451],[-74.133265537999989,4.7267752250000399],[-74.13346503799994,4.7266969760000279],[-74.133847085999946,4.7265627190000714],[-74.135236342999974,4.7260855330000595],[-74.135913290999952,4.7258632430000489],[-74.137069217999965,4.7255810630000497],[-74.138388107999958,4.7252518150000355],[-74.138951665999969,4.7251627160000567],[-74.140751555999941,4.7248339370000281],[-74.140879422999944,4.7248230880000506],[-74.141714849999971,4.7247173320000684],[-74.142860892999977,4.724576776000049],[-74.143040691999943,4.7245452110000201],[-74.14488397599996,4.7244027550000283],[-74.145278817999952,4.7243451330000426],[-74.146935602999974,4.7242783200000531],[-74.147479216999955,4.7242106200000649],[-74.149011162999955,4.7241954630000578],[-74.149651449999965,4.7241250550000586],[-74.150056232999987,4.7241315940000277],[-74.150120232999939,4.7240324450000344],[-74.150121429999956,4.7240306780000765],[-74.150353716999973,4.7236879550000594],[-74.150354700999969,4.7236859070000605],[-74.150717770999961,4.7229075220000709],[-74.150718826999935,4.7229052620000402],[-74.151101184999959,4.7227267300000335],[-74.15150156499999,4.7227086480000366],[-74.152078764999942,4.7227645770000208],[-74.15258782799998,4.7229069440000444],[-74.15337113399994,4.7231001550000542],[-74.153696618999959,4.7231685120000293],[-74.154239468999947,4.7231956250000735],[-74.154765424999937,4.7232001380000384],[-74.155411325999978,4.7232334640000317],[-74.155765530999986,4.7232724420000523],[-74.156531941999958,4.7234656500000369],[-74.157104077999975,4.7237051870000641],[-74.157487572999969,4.7241571540000677],[-74.157487783999954,4.7241595550000284],[-74.157487798999966,4.7241597110000271],[-74.157489904999977,4.7241621900000723],[-74.157507474999989,4.7243341210000267],[-74.157347639999955,4.7244491930000549],[-74.157017427999961,4.7250003300000571],[-74.156893499999967,4.7254678510000758],[-74.157079328999941,4.725562797000066],[-74.157411009999976,4.7255452790000732],[-74.157936402999951,4.7255266260000326],[-74.158558649999975,4.7251639070000238],[-74.159009141999945,4.7247729420000724],[-74.159408386999985,4.7242904540000268],[-74.159766594999951,4.7238388990000431],[-74.159767931999966,4.7238372030000733],[-74.16006039399997,4.7232739260000471],[-74.160062153999945,4.7232705370000758],[-74.160062926999956,4.7232682770000451],[-74.160243819999948,4.7227198310000631],[-74.160244383999952,4.7227175000000443],[-74.160292948999938,4.7225052830000323],[-74.160356363999938,4.7222247770000649],[-74.160390923999955,4.7220718120000242],[-74.160472915999947,4.7215244980000648],[-74.160475520999967,4.721506914000031],[-74.160475942999938,4.72150394800002],[-74.160475942999938,4.7215015470000594],[-74.160474664999981,4.7209708310000451],[-74.160341683999945,4.7202315040000258],[-74.16011457999997,4.7199650390000443],[-74.159680452999964,4.7198457480000684],[-74.159222929999942,4.7197034720000488],[-74.158702246999951,4.7193949600000451],[-74.158467446999964,4.7191891330000431],[-74.158166154999947,4.7189415450000638],[-74.157917840999971,4.7187374360000263],[-74.157916659999955,4.7187359700000684],[-74.157915317999937,4.7187348820000352],[-74.157910670999968,4.7187290900000676],[-74.157537733999959,4.7182664080000336],[-74.157081448999975,4.7178505810000502],[-74.157080875999952,4.7178498100000752],[-74.157078931999934,4.7178480390000459],[-74.157077945999959,4.7178467680000722],[-74.157063726999979,4.7178276300000448],[-74.156782298999985,4.7174492040000473],[-74.156348493999985,4.7171757000000412],[-74.156240466999975,4.7173938230000658],[-74.156156046999968,4.718007511000053],[-74.155979364999951,4.7181855890000293],[-74.155664738999974,4.7180773870000507],[-74.155469582999956,4.7179821990000619],[-74.155469761999939,4.7179808990000538],[-74.155467008999949,4.7179795560000457],[-74.155475523999939,4.7179168460000369],[-74.155518670999982,4.717599405000044],[-74.155518880999978,4.7175979900000584],[-74.155520077999938,4.7175892350000481],[-74.155541332999974,4.7173792790000562],[-74.155611293999982,4.7169186880000211],[-74.155613897999956,4.7168996200000493],[-74.155613616999972,4.7168975010000622],[-74.155612700999939,4.7168904400000429],[-74.155589822999957,4.7167157960000736],[-74.155568068999969,4.7165499070000578],[-74.155567857999984,4.7165476480000734],[-74.155567717999986,4.7165434800000412],[-74.155561097999964,4.7163254740000298],[-74.155549267999959,4.7159365650000495],[-74.155548493999959,4.7159343060000651],[-74.155431711999938,4.7155889700000557],[-74.155344496999987,4.7152916580000692],[-74.155337527999961,4.7152679300000386],[-74.155260728999963,4.7149108720000754],[-74.155258405999973,4.7149039510000534],[-74.155092772999978,4.7144180100000312],[-74.15501745399996,4.714115826000068],[-74.154984860999946,4.7139439340000422],[-74.154974583999945,4.7138896270000714],[-74.154965290999939,4.7138406160000272],[-74.154964728999971,4.7138375790000282],[-74.154942272999961,4.7137191500000313],[-74.154934036999975,4.7136344050000503],[-74.154933331999985,4.713626778000048],[-74.154889262999973,4.7131699310000386],[-74.154885743999955,4.7131337730000382],[-74.154782827999952,4.7126761510000392],[-74.154781490999937,4.7126702190000742],[-74.154781349999951,4.7126681000000303],[-74.154751640999962,4.7121370310000543],[-74.154751780999959,4.7121346310000263],[-74.154768246999936,4.7117955100000586],[-74.154784854999946,4.7114546930000643],[-74.154784925999934,4.7114522220000481],[-74.154806176999955,4.7109136680000461],[-74.154806316999952,4.710909994000076],[-74.154806316999952,4.7109075930000586],[-74.154809270999976,4.7106467900000553],[-74.154811450999944,4.7104570340000578],[-74.154811872999971,4.7104551260000562],[-74.154862971999989,4.7102097190000336],[-74.154942225999946,4.7098287170000503],[-74.155077437999978,4.7093461630000206],[-74.155111573999989,4.7092242730000748],[-74.155412761999969,4.7086954600000581],[-74.155635186999973,4.7084276630000659],[-74.155695156999968,4.7083554870000626],[-74.155762941999967,4.7083017430000496],[-74.156060400999934,4.7080660060000241],[-74.156076448999954,4.7080532950000702],[-74.156080953999947,4.7080487040000207],[-74.15608573999998,4.7080437610000558],[-74.156525527999975,4.7078821750000657],[-74.15700585999997,4.7079155000000696],[-74.157017191999955,4.7079188190000423],[-74.157308391999948,4.7079420500000424],[-74.157491541999946,4.7079565950000415],[-74.15752110699998,4.7079589240000246],[-74.157767890999935,4.7080322960000558],[-74.158029315999954,4.7081099730000346],[-74.158072533999984,4.7081212010000399],[-74.158537594999984,4.7082422380000253],[-74.159027079999987,4.7082996440000215],[-74.159044605999952,4.7082990800000744],[-74.159133365999935,4.7082968180000648],[-74.159798821999971,4.7082799980000232],[-74.160348908999936,4.7081738440000436],[-74.160350456999936,4.7081736330000581],[-74.160368124999934,4.708168335000039],[-74.160871752999981,4.7080155720000221],[-74.161474133999945,4.7077511550000395],[-74.161857887999986,4.7075451460000295],[-74.161867531999974,4.707539989000054],[-74.161993806999988,4.7074324320000756],[-74.162151825999956,4.7072977550000701],[-74.16214415099995,4.707116825000071],[-74.162139924999963,4.7070171070000697],[-74.162140556999987,4.7070160470000246],[-74.162133587999961,4.7069531260000304],[-74.162123589999965,4.7068628010000566],[-74.162122605999969,4.7068611060000762],[-74.162060385999951,4.7067551570000319],[-74.161932492999938,4.7066728110000327],[-74.161570837999989,4.7063183780000486],[-74.161570793999942,4.7063182440000446],[-74.161568211999963,4.7063157140000271],[-74.161537029999977,4.706221858000049],[-74.161511756999971,4.7061457300000598],[-74.161549835999949,4.7060500380000576],[-74.161569614999962,4.7060003910000319],[-74.161572499999977,4.7059931880000363],[-74.16168089599995,4.7059455170000319],[-74.161869395999986,4.705862532000026],[-74.162198953999962,4.7058698700000718],[-74.162235275999933,4.7058707170000389],[-74.162255405999986,4.7058691610000665],[-74.162541730999976,4.7058468990000506],[-74.162423176999937,4.70561540500006],[-74.162048089999985,4.7044234100000608],[-74.161567640999976,4.7034123650000765],[-74.161151535999977,4.702578815000038],[-74.160470996999948,4.7016284410000253],[-74.160161538999944,4.7007342290000338],[-74.159532178999939,4.699570182000059],[-74.159343537999973,4.6988896210000348],[-74.15868881199998,4.6973460140000611],[-74.158615037999937,4.6970450010000491],[-74.158105662999958,4.6957309720000353],[-74.157893465999962,4.6952003800000739],[-74.157846738999979,4.6951196040000696],[-74.157119468999952,4.6933557640000458],[-74.156925353999952,4.69303106600006],[-74.156309193999959,4.6915111510000429],[-74.155986979999966,4.690972069000054],[-74.155462510999939,4.6896665410000651],[-74.155028269999946,4.688948430000039],[-74.154575211999941,4.6878219330000661],[-74.15404478399995,4.6869678660000318],[-74.153640248999977,4.6859773310000605],[-74.153030661999935,4.6850405630000296],[-74.152646182999945,4.6841327330000695],[-74.151977717999955,4.6831807490000301],[-74.151571698999987,4.6822881420000613],[-74.150878241999976,4.6814018280000482],[-74.150386010999966,4.6804435600000716],[-74.14972630699998,4.6797141020000481],[-74.149017360999949,4.6785989950000726],[-74.148503597999934,4.6781494060000455],[-74.147185522999962,4.6767544740000631],[-74.147183866999967,4.6767533660000709],[-74.147181806999981,4.6767520050000257],[-74.14565825699998,4.6757151950000662],[-74.144040271999984,4.6749100740000245],[-74.144007176999935,4.6748951250000346],[-74.143983835999961,4.674884468000073],[-74.14214530199996,4.6744414660000757],[-74.141467240999987,4.6742007710000735],[-74.14021502099996,4.674106709000057],[-74.13909425099996,4.6737665670000297],[-74.138306506999982,4.6737341150000589],[-74.136696960999984,4.6732901300000549],[-74.13644643799995,4.6732773130000282],[-74.135738422999964,4.6730661060000216],[-74.134625784999969,4.672751996000045],[-74.134093459999974,4.6724553820000665],[-74.132931409999969,4.672007188000066],[-74.131609000999958,4.671221729000024],[-74.131350624999982,4.6710649440000225],[-74.13100473999998,4.6707775210000477],[-74.129856184999937,4.6699726220000457],[-74.129222499999969,4.6693772030000673],[-74.128496484999971,4.6686461070000291],[-74.127586770999983,4.6675326140000379],[-74.127267625999934,4.6670921790000648],[-74.126371843999948,4.6656879930000628],[-74.126168825999969,4.6653121940000233],[-74.125433835999957,4.6638433490000466],[-74.125209613999971,4.6632895930000586],[-74.124705124999934,4.6619986910000648],[-74.124404397999967,4.6609993310000277],[-74.124149655999986,4.66015402000005],[-74.123756153999977,4.6584362380000357],[-74.123725977999982,4.6583093410000629],[-74.123692023999979,4.6580710340000451],[-74.123424827999941,4.6564646520000679],[-74.123333940999942,4.655480275000059],[-74.123238126999979,4.6546199560000332],[-74.123194301999945,4.6535171760000367],[-74.123149489999946,4.652775254000062],[-74.123155526999938,4.6521005570000398],[-74.12316442499997,4.6509305440000617],[-74.123230647999947,4.6498913290000701],[-74.123266497999964,4.6490858300000468],[-74.123368558999971,4.6480404410000347],[-74.123421483999948,4.6472411100000386],[-74.123499392999975,4.6466693100000498],[-74.123638466999978,4.6453963880000515],[-74.123917258999938,4.6437064190000683],[-74.123938023999983,4.643551660000071],[-74.123986446999936,4.643276606000029],[-74.124253758999942,4.6417069300000549],[-74.124425896999981,4.6409012640000356],[-74.124567949999971,4.6398622000000387],[-74.12484238899998,4.6380989670000758],[-74.124855427999989,4.6380174720000582],[-74.124863158999972,4.6379720880000264],[-74.125112662999982,4.6361727460000566],[-74.125244185999975,4.6349451990000716],[-74.125289985999984,4.6343280250000589],[-74.125303122999981,4.6336082670000565],[-74.125341146999972,4.6324833120000335],[-74.125290997999969,4.6313375540000266],[-74.125257423999983,4.6306386080000266],[-74.125198101999956,4.6301009690000683],[-74.125041775999989,4.6287939130000382],[-74.12477387499996,4.6271485270000312],[-74.124734692999937,4.6269492250000326],[-74.124654954999983,4.626543315000049],[-74.124364531999959,4.6251045400000521],[-74.124233724999954,4.6243975930000261],[-74.123993540999948,4.6232598540000254],[-74.123724164999942,4.621593492000045],[-74.123691667999935,4.6214151640000409],[-74.123660128999973,4.6211255970000593],[-74.123433109999951,4.6195704710000314],[-74.123346937999941,4.6185593700000709],[-74.123276570999963,4.617725771000039],[-74.123251978999974,4.616727337000043],[-74.123182143999941,4.6158810670000321],[-74.123151715999938,4.615208884000026],[-74.123120728999936,4.6140363600000569],[-74.123102686999971,4.6127788950000763],[-74.123062685999969,4.6121916540000711],[-74.123027227999955,4.6117354460000684],[-74.122949286999983,4.6103469510000537],[-74.122781802999953,4.6085322660000543],[-74.122778179999955,4.6085022520000507],[-74.122775342999944,4.608483460000059],[-74.122486268999978,4.6066575590000411],[-74.122292435999952,4.6056330580000235],[-74.122104422999939,4.604812872000025],[-74.121679635999953,4.6030084500000612],[-74.121666995999988,4.6029681890000234],[-74.12163486299994,4.6028501310000252],[-74.121154179999962,4.6011235100000363],[-74.121016158999964,4.6004719420000697],[-74.120663611999987,4.5992788290000703],[-74.120394895999937,4.5978620600000681],[-74.120276944999944,4.5974341410000648],[-74.120126346999939,4.5965396120000719],[-74.119953264999936,4.5955894490000446],[-74.119913360999988,4.5950092990000257],[-74.119737226999973,4.5937447510000311],[-74.119700952999949,4.5921113150000679],[-74.119694384999946,4.5919000420000202],[-74.119713010999988,4.5916677640000216],[-74.119726603999936,4.5900553280000622],[-74.119880436999949,4.5887341810000635],[-74.119939270999964,4.5882106040000394],[-74.12015101999998,4.5872165740000241],[-74.120296965999955,4.586365871000055],[-74.120400004999965,4.585948055000074],[-74.120846667999956,4.5845211260000269],[-74.121191995999936,4.5836353600000734],[-74.121660918999964,4.582676364000065],[-74.122164423999948,4.5816362420000587],[-74.122690876999968,4.5808315870000342],[-74.123276446999967,4.5798797250000689],[-74.124098216999982,4.5789867850000405],[-74.124543302999939,4.5783922870000424],[-74.125785680999968,4.5774216690000458],[-74.125997559999973,4.5772305260000508],[-74.126217637999957,4.5771419320000746],[-74.127521546999958,4.5761899460000564],[-74.128886223999984,4.5757216500000482],[-74.129277324999975,4.5755521800000452],[-74.129522828999939,4.5752969880000478],[-74.129397592999965,4.5748326960000441],[-74.129060061999951,4.5734523080000713],[-74.12874685099996,4.5722740540000473],[-74.128601111999956,4.5716076290000274],[-74.128374655999949,4.5702945410000666],[-74.128240335999976,4.5697629430000575],[-74.128213466999966,4.5695114060000606],[-74.127946109999982,4.5679182510000373],[-74.12783417299994,4.5664808930000618],[-74.127788158999977,4.5660735500000555],[-74.127761488999965,4.5655399850000435],[-74.127682640999979,4.5642288440000698],[-74.127683972999989,4.5630521290000274],[-74.127652356999988,4.5623841330000232],[-74.127643908999971,4.5616466700000728],[-74.127651527999944,4.5605394210000441],[-74.127695374999973,4.5593424380000442],[-74.127696168999989,4.5586947050000504],[-74.127709149999987,4.5580710680000607],[-74.127776986999947,4.5568499850000421],[-74.127882349999936,4.5553275250000524],[-74.127894788999981,4.5550052640000445],[-74.127908393999974,4.5547283440000683],[-74.128056306999952,4.5531605400000217],[-74.128215488999956,4.5515730570000414],[-74.128255365999962,4.5513158130000306],[-74.128324745999976,4.5508685760000276],[-74.128512519999958,4.5494710800000462],[-74.128541972999983,4.548451468000053],[-74.128599470999973,4.5476263610000274],[-74.128883947999952,4.5462065560000724],[-74.12896389499997,4.5457816220000495],[-74.129005272999962,4.5455676520000452],[-74.129411043999937,4.543936876000032],[-74.129642377999971,4.5429858950000721],[-74.129914491999955,4.5420921260000569],[-74.130356232999986,4.5405375300000514],[-74.130458909999959,4.5402473720000671],[-74.130788596999935,4.539205503000062],[-74.131046380999976,4.5384026150000523],[-74.131112298999938,4.5381625290000329],[-74.131672372999958,4.5365578540000229],[-74.131883417999973,4.5358136940000691],[-74.132298374999948,4.5347130930000503],[-74.132665054999961,4.5334831490000624],[-74.13291867199996,4.5328683310000315],[-74.133466470999963,4.5311869810000758],[-74.133542051999939,4.5310235690000695],[-74.133853343999988,4.5301875390000532],[-74.134229053999945,4.5291788010000573],[-74.134296637999967,4.528940791000025],[-74.13517724999997,4.527885900000058],[-74.135538732999976,4.5274104930000476],[-74.135618870999963,4.5273339770000689],[-74.136578533999966,4.5255286370000363],[-74.136608205999948,4.525489182000058],[-74.137713797999936,4.5238126970000394],[-74.13786881599998,4.5236443630000736],[-74.138971021999964,4.5223087130000295],[-74.139550910999958,4.5217995070000256],[-74.140354680999963,4.5210244650000391],[-74.141854320999983,4.5199674040000559],[-74.141864769999984,4.5199599420000709],[-74.141874937999944,4.5199545900000544],[-74.143463459999964,4.5190494020000642],[-74.14483465099994,4.518475828000021],[-74.145173800999942,4.5183328980000397],[-74.14590573199996,4.5181095060000303],[-74.146967436999944,4.5177611510000588],[-74.147429899999963,4.5176537280000275],[-74.148842137999964,4.5173302820000458],[-74.149825036999971,4.5171795310000675],[-74.150796250999974,4.51703741700004],[-74.152093495999964,4.516925570000069],[-74.152822766999975,4.5168703720000281],[-74.154270889999964,4.5168299280000497],[-74.154916877999938,4.5168207920000327],[-74.15637871399997,4.5168552380000619],[-74.157075554999949,4.516883407000023],[-74.158430521999946,4.5169779390000713],[-74.159297266999943,4.5170555600000739],[-74.160435083999971,4.5171827780000626],[-74.161581808999983,4.5173368880000453],[-74.162398137999958,4.5174597850000282],[-74.163930171999937,4.5177291100000616],[-74.164323397999965,4.5178025010000624],[-74.165745134999952,4.5181073620000234],[-74.166216083999984,4.5182018530000505],[-74.16634150799996,4.5182307500000434],[-74.16808612799997,4.5186405700000591],[-74.168811503999962,4.5188343120000241],[-74.169925649999982,4.5191323590000252],[-74.171353902999954,4.5195636770000647],[-74.171734545999982,4.5196773960000201],[-74.172550976999958,4.5199512150000487],[-74.173523347999947,4.5202573730000495],[-74.173965825999971,4.5204138330000205],[-74.175292171999956,4.5208720880000328],[-74.17665515799996,4.5213984830000413],[-74.177030735999949,4.5215394150000634],[-74.177643096999986,4.5217952410000635],[-74.178754430999959,4.5222326010000415],[-74.179427617999977,4.5225275580000357],[-74.180456731999982,4.5229629870000281],[-74.181266694999977,4.5233431280000218],[-74.168456825999954,4.5048871640000243],[-74.161276433999944,4.4945414190000292],[-74.158380411999985,4.4903686320000702],[-74.151244780999946,4.4890046420000544],[-74.145560079999939,4.4879179470000281],[-74.121676225999977,4.4879170940000677],[-74.095499898999947,4.4879161590000649],[-74.084411570999976,4.5125321790000612],[-74.082018618999939,4.5178441090000661],[-74.081838603999984,4.5182437090000462],[-74.077638866999962,4.5275663780000741],[-74.073039953999967,4.537775148000037],[-74.071074704999944,4.5421374530000662],[-74.061608935999971,4.5632743120000328],[-74.061540346999948,4.5652635070000542],[-74.061667478999937,4.5650346270000455],[-74.062137609999979,4.5642304340000237],[-74.06277290099996,4.5632665160000556],[-74.063402421999967,4.562385746000075],[-74.063970083999948,4.5616579120000438],[-74.064942464999945,4.5605410620000271],[-74.065255107999974,4.5602020000000607],[-74.066166874999965,4.5592954040000677],[-74.066599135999979,4.5588486550000766],[-74.066782443999955,4.558696378000036],[-74.068043631999956,4.5576699490000578],[-74.069264957999962,4.5568516960000238],[-74.069575386999986,4.556642919000069],[-74.069922910999935,4.5564564440000481],[-74.071176243999957,4.5557360050000284],[-74.072837230999937,4.5550070150000579],[-74.072870697999974,4.5549917830000481],[-74.072892373999935,4.5549845730000698],[-74.074633499999948,4.554366362000053],[-74.075488046999965,4.5541623650000247],[-74.07644279699997,4.5538217580000264],[-74.078053800999953,4.5533921420000638],[-74.078297229999976,4.5533556070000714],[-74.080261158999974,4.5532448500000555],[-74.080354344999989,4.5532417430000578],[-74.082334751999952,4.5533300580000287],[-74.082538157999977,4.5533480900000427],[-74.084296526999935,4.5536096200000316],[-74.084884639999984,4.5537371670000653],[-74.086157466999964,4.5540644510000448],[-74.087459153999987,4.5545225710000636],[-74.087917501999982,4.5546946770000432],[-74.08856639399994,4.5550069450000592],[-74.089597320999985,4.5554643330000317],[-74.090385925999954,4.5559202050000636],[-74.09119071899994,4.5563842100000329],[-74.091830468999945,4.5568516010000621],[-74.092699118999974,4.5574518360000411],[-74.094085657999983,4.5586612460000424],[-74.094112700999972,4.5586842820000584],[-74.094124145999956,4.5586962660000268],[-74.095445917999939,4.5600564250000275],[-74.095833357999936,4.560540938000031],[-74.096675288999961,4.5616090850000433],[-74.097187355999949,4.5623856150000393],[-74.097792689999949,4.5633563830000412],[-74.098258615999953,4.5642302980000409],[-74.098782293999989,4.5653258280000273],[-74.09909664099996,4.5660749870000359],[-74.099618924999959,4.5675611840000556],[-74.099740575999988,4.5679196810000349],[-74.100016831999937,4.5689697030000502],[-74.100237055999969,4.569764378000059],[-74.10029981699995,4.5700672600000303],[-74.10056842399996,4.5716090800000302],[-74.100706930999934,4.5730492330000629],[-74.100751557999956,4.5734537870000622],[-74.100761369999987,4.5739529120000384],[-74.100791978999951,4.5752984990000414],[-74.100740698999971,4.5766801680000526],[-74.100726949999967,4.5771432130000562],[-74.100696486999936,4.5775293670000679],[-74.100552106999942,4.5789879310000288],[-74.100329330999955,4.5805804870000202],[-74.100285970999948,4.5808326520000264],[-74.100187712999968,4.5813310030000594],[-74.099940056999969,4.5826773760000492],[-74.099810118999983,4.5833673460000455],[-74.09953103099997,4.5845221010000614],[-74.099197314999969,4.5859915540000316],[-74.099085395999964,4.586366827000063],[-74.098809629999948,4.5874160010000651],[-74.098608810999963,4.5882115530000647],[-74.098541809999972,4.5885415570000418],[-74.098110003999977,4.5900562790000663],[-74.09788421899998,4.5910879400000226],[-74.097630175999939,4.5919010060000574],[-74.09722880399994,4.5936381140000435],[-74.097192985999982,4.5937457290000339],[-74.097123628999952,4.5940361640000447],[-74.096771325999953,4.5955904530000566],[-74.096666102999961,4.5963494270000638],[-74.096417339999959,4.5974351730000649],[-74.096174251999969,4.59918387700003],[-74.096152766999978,4.5992798930000731],[-74.09612926899996,4.5994541030000278],[-74.095934659999955,4.6011246100000562],[-74.095870501999968,4.6023452390000443],[-74.095802585999934,4.6029693240000711],[-74.095929350999938,4.6034911760000341],[-74.096301602999972,4.6048140220000278],[-74.096310550999988,4.6065181910000206],[-74.096315196999967,4.6066587330000743],[-74.096318261999954,4.6068126650000636],[-74.096199639999952,4.6085034480000218],[-74.096054482999989,4.6100434970000492],[-74.096053559999973,4.6103481620000366],[-74.096035537999967,4.6106857850000438],[-74.095959779999987,4.6121928760000515],[-74.095892915999968,4.6134519640000349],[-74.095878293999988,4.6140375880000306],[-74.095865148999962,4.6146715260000519],[-74.095826272999943,4.615882301000056],[-74.095784047999985,4.6169520190000526],[-74.095769933999975,4.6177270130000352],[-74.095754802999977,4.6185529030000225],[-74.095723698999961,4.6195717240000249],[-74.095705572999975,4.620504899000025],[-74.095700637999983,4.6214164350000715],[-74.095707399999981,4.622324878000029],[-74.095707753999989,4.6232611450000718],[-74.095733699999982,4.6242430360000526],[-74.095757436999975,4.6251058550000721],[-74.095800327999939,4.6258529470000553],[-74.095859538999946,4.6269505620000473],[-74.096000066999977,4.6283952020000356],[-74.095996431999936,4.628795268000033],[-74.096075261999943,4.6290646780000202],[-74.096289259999935,4.6306399710000505],[-74.096552429999974,4.6319249200000741],[-74.09665367499997,4.6324846710000429],[-74.096993535999957,4.633810947000029],[-74.097124405999978,4.634329368000067],[-74.097188169999981,4.6345095590000369],[-74.097675484999968,4.636174062000066],[-74.097950491999939,4.6368741990000331],[-74.098306496999953,4.6380187530000399],[-74.098763184999939,4.6391513010000267],[-74.09898259299996,4.6398634420000349],[-74.099584836999952,4.6414128390000542],[-74.099664495999946,4.6417081310000299],[-74.100003633999961,4.6427311800000552],[-74.100285116999942,4.6435528200000249],[-74.100364181999964,4.6437479170000415],[-74.100892331999944,4.6453975090000199],[-74.101144071999954,4.6460820550000221],[-74.101466118999952,4.6472421990000612],[-74.101861669999948,4.6485244680000619],[-74.101994310999942,4.6490868900000351],[-74.102354252999987,4.6505052480000586],[-74.102467636999961,4.6509315820000552],[-74.10250941299995,4.6510882990000368],[-74.102876254999956,4.6527762760000542],[-74.103084389999935,4.6537786090000282],[-74.103228128999945,4.654620972000032],[-74.103502053999989,4.6561890340000218],[-74.103550805999987,4.6564656690000561],[-74.103573443999949,4.6566182630000412],[-74.10380629499997,4.658310368000059],[-74.103957124999965,4.6596410660000629],[-74.104014384999971,4.6601550680000514],[-74.104055433999974,4.660839840000051],[-74.104109955999945,4.6619997720000583],[-74.104172958999982,4.6629555990000426],[-74.104242040999964,4.6638444750000758],[-74.104314543999976,4.6649792770000431],[-74.104305480999983,4.665689182000051],[-74.104290481999953,4.6664409980000414],[-74.104224257999988,4.6675338920000513],[-74.104281017999938,4.6686101910000275],[-74.104248864999988,4.6693785990000265],[-74.104201189999969,4.6702858480000486],[-74.104175300999941,4.6712233090000268],[-74.104326106999963,4.6723777140000493],[-74.104397669999969,4.673068009000076],[-74.104354355999988,4.6737093040000559],[-74.104301580999959,4.6749127200000657],[-74.104249398999968,4.6759335910000459],[-74.104262791999986,4.6767574290000766],[-74.104236864999962,4.6776031610000359],[-74.104248279999979,4.6786021370000412],[-74.104239270999983,4.6796051630000761],[-74.104243853999947,4.6804468440000733],[-74.104240496999978,4.681286506000049],[-74.104250542999978,4.6822915510000485],[-74.104238473999942,4.683292950000066],[-74.104220858999952,4.6841362590000699],[-74.104171057999963,4.6850968460000217],[-74.10413813599996,4.6859809690000702],[-74.104079823999939,4.6867064390000337],[-74.104006978999962,4.6878256810000494],[-74.103846721999957,4.6893501870000591],[-74.10381672699998,4.6896703960000536],[-74.103787503999968,4.6898876600000676],[-74.103585997999971,4.6915151110000579],[-74.103353001999949,4.6928218190000734],[-74.103263231999961,4.6933598290000305],[-74.103026520999947,4.6944653040000617],[-74.102875087999962,4.6952045500000281],[-74.102791709999963,4.6955356700000266],[-74.102427543999966,4.6970492720000721],[-74.102135426999951,4.6980844680000473],[-74.101913640999953,4.6988939970000274],[-74.101413197999989,4.7005186800000729],[-74.101346492999937,4.700738723000029],[-74.101147257999969,4.7014209670000469],[-74.100813222999989,4.7025834470000518],[-74.100686681999946,4.7029454510000619],[-74.100181497999984,4.7044281730000534],[-74.099890728999981,4.7052515740000445],[-74.099539662999973,4.7062729010000339],[-74.09909386299995,4.7075561210000387],[-74.098905314999968,4.7081176260000461],[-74.098348112999986,4.7099494930000674],[-74.098344120999968,4.7099623490000226],[-74.098331802999951,4.7100035500000672],[-74.097769566999943,4.7118070710000666],[-74.097600303999968,4.7123392960000388],[-74.09721929799997,4.7136517920000642],[-74.096897228999978,4.7148068400000511],[-74.096725621999951,4.7154965120000725],[-74.096298385999944,4.7172269390000565],[-74.096268904999988,4.717341230000045],[-74.09625744799996,4.7173843710000369],[-74.095845965999956,4.7191859460000387],[-74.095608693999964,4.7199463190000301],[-74.095367980999981,4.7210306640000681],[-74.095008616999962,4.7225928570000519],[-74.094943618999935,4.7228753800000618],[-74.094825957999944,4.7234753550000619],[-74.094566635999968,4.7247200950000661],[-74.094431362999956,4.725279060000048],[-74.094174710999937,4.7265648090000241],[-74.093842037999934,4.7279442940000536],[-74.093749721999984,4.7284095240000283],[-74.093387966999956,4.7296638720000601],[-74.093220495999958,4.730254240000022],[-74.093156126999986,4.7304417070000682],[-74.092712710999933,4.732098957000062],[-74.092446687999939,4.7328982430000224],[-74.092141320999986,4.7339436740000451],[-74.091668971999979,4.7352361510000378],[-74.091488285999958,4.7357883910000282],[-74.090814561999935,4.7374408020000374],[-74.090742728999942,4.7376331100000471],[-74.09001940099995,4.7392072290000442],[-74.089895645999945,4.7394778310000447],[-74.089880145999985,4.7395064400000706],[-74.088931897999942,4.7413225520000424],[-74.088866327999938,4.7414341170000398],[-74.087844983999958,4.74316727300004],[-74.087788691999947,4.7432509120000645],[-74.087098083999933,4.744283719000066],[-74.086648976999982,4.7449598450000394],[-74.086613833999934,4.7450119940000377],[-74.085453589999986,4.7465720500000543],[-74.085233946999949,4.7468567150000354],[-74.084209808999958,4.7481001730000685],[-74.083686108999984,4.7487014340000542],[-74.082921601999942,4.7495511060000695],[-74.081971903999943,4.7505461510000373],[-74.081596812999976,4.7509384800000589],[-74.080603441999983,4.7518799750000653],[-74.080223261999947,4.7522411290000264],[-74.080046536999987,4.7523908640000627],[-74.078811904999952,4.7534780940000587],[-74.077839770999958,4.7542355720000273],[-74.077355344999944,4.7546365160000619],[-74.076561120999941,4.7552147060000607],[-74.075854690999961,4.7557183230000533],[-74.07526839999997,4.756080273000066],[-74.074309379999988,4.7567225380000764],[-74.073199030999945,4.7573673710000435],[-74.072711918999971,4.75763613700002],[-74.072105143999977,4.7579249580000464],[-74.071066575999964,4.7584665340000356],[-74.070223454999962,4.7588483840000322],[-74.069365972999947,4.7592009140000755],[-74.067780307999953,4.7597696140000494],[-74.067608869999958,4.7598371150000389],[-74.067511787999933,4.759870797000076],[-74.065796601999978,4.7603774580000504],[-74.064971569999955,4.7605952870000579],[-74.063922053999988,4.760809575000053],[-74.06258059399994,4.7610604440000657],[-74.06198440299994,4.7611320370000385],[-74.060304430999963,4.7613260960000616],[-74.059980862999964,4.7613399980000395],[-74.058120547999977,4.7614313990000596],[-74.057906869999954,4.7614255270000285],[-74.056014320999964,4.7614017650000733],[-74.055756373999941,4.7613781090000202],[-74.053976379999938,4.7612534830000754],[-74.053522169999951,4.7611852170000475],[-74.052000745999976,4.7609969360000264],[-74.051196250999965,4.7608329350000531],[-74.050083461999975,4.7606390070000657],[-74.048770289999936,4.7603067890000261],[-74.048221493999961,4.7601849660000539],[-74.047178296999959,4.7597690140000282],[-74.046478046999937,4.7595250000000533],[-74.046108019999963,4.7593699670000547],[-74.04470441899997,4.7589174720000642],[-74.043440631999943,4.758424228000024],[-74.042963608999969,4.7582529270000578],[-74.042184220999957,4.7579240730000265],[-74.041250059999982,4.7575410190000298],[-74.040647356999955,4.7572596940000267],[-74.039562033999971,4.7567847700000243],[-74.038120308999964,4.7560791500000619],[-74.037904511999955,4.7559755250000535],[-74.037733539999977,4.7558856450000349],[-74.036257395999939,4.7551482030000329],[-74.034700753999971,4.7543048070000395],[-74.034638168999948,4.7542724280000357],[-74.03456964999998,4.7542342340000232],[-74.033024464999983,4.7533870620000584],[-74.031555994999962,4.7525293340000303],[-74.031434265999962,4.7524608640000565],[-74.031314738999981,4.7523893210000665],[-74.029848975999982,4.7515261390000205],[-74.028301112999941,4.7505624310000485],[-74.028285715999971,4.7505531430000474],[-74.028272054999945,4.750544408000053],[-74.026726185999962,4.7495736730000431],[-74.025409735999972,4.7486994950000394],[-74.025191885999959,4.7485503730000573],[-74.024897930999941,4.7483377390000214],[-74.02369658799995,4.7474593160000609],[-74.022850325999968,4.7468545940000695],[-74.022188030999985,4.7463913000000275],[-74.021254788999954,4.7456959460000689],[-74.020695022999973,4.7452962770000227],[-74.020320331999983,4.7450096850000705],[-74.019213477999983,4.7441813420000472],[-74.017688390999979,4.7431874660000517],[-74.017669312999942,4.7431752040000674],[-74.01765716999995,4.743164757000045],[-74.016279510999937,4.7419008930000359],[-74.015617627999973,4.7413198740000553],[-74.014865282999949,4.7406690210000306],[-74.01359556999995,4.739474987000051],[-74.013487275999978,4.7393742300000667],[-74.013121687999956,4.7389403420000349],[-74.012217676999967,4.7378911060000632],[-74.012015993999967,4.7376301350000745],[-74.010943371999986,4.736416168000062],[-74.010429938999948,4.7357852800000728],[-74.009701256999961,4.7348853100000383],[-74.008996395999986,4.733940437000058],[-74.008506128999954,4.7332728290000432],[-74.008364942999947,4.7330955140000697]]],[[[-74.057803871999965,4.5922493690000579],[-74.053666132999979,4.6067744930000458],[-74.047012803999962,4.6158758220000209],[-74.046948369999939,4.6159639630000697],[-74.038397454999938,4.6328117260000568],[-74.037331672999983,4.6396102440000391],[-74.035035724999943,4.6542553920000387],[-74.028149957999972,4.664121911000052],[-74.026484829999958,4.6665077980000547],[-74.012391437999952,4.6641474970000445],[-74.012289406999969,4.6641835080000646],[-74.012025931999972,4.6643327480000494],[-74.01185750999997,4.6644642990000307],[-74.01173612599996,4.6645134560000656],[-74.011630628999967,4.6646048630000223],[-74.011536632999935,4.6646110740000495],[-74.011161937999987,4.6645853120000424],[-74.010938266999972,4.6645699330000525],[-74.010795058999975,4.6645153940000341],[-74.010545665999985,4.6642160000000672],[-74.010401868999963,4.6640080280000689],[-74.01015773599994,4.6637910210000655],[-74.010128542999951,4.6637685170000509],[-74.009906257999944,4.6637312900000438],[-74.009609638999962,4.6638416290000464],[-74.009334197999976,4.6639816170000472],[-74.009331874999987,4.6639828160000434],[-74.008590676999972,4.6646143740000525],[-74.008588564999968,4.6646162100000765],[-74.008473815999935,4.6647313700000268],[-74.008031082999935,4.6651759100000731],[-74.008027140999957,4.6651805020000552],[-74.007622549999951,4.6656479990000435],[-74.007621422999989,4.6656496960000595],[-74.007531374999985,4.6657844220000584],[-74.007338675999961,4.6660735750000413],[-74.007015728999988,4.6665583230000607],[-74.007014388999949,4.6665603710000596],[-74.006998756999963,4.6666045750000649],[-74.006774660999952,4.6672764180000286],[-74.006677864999972,4.6677173540000467],[-74.00667180399995,4.667748778000032],[-74.006671381999979,4.6677509680000639],[-74.006657790999952,4.667790018000062],[-74.006533485999967,4.6681734650000521],[-74.006492719999983,4.6682423120000749],[-74.006451248999952,4.6683177250000654],[-74.006372388999978,4.6684623410000654],[-74.006070300999966,4.6688035890000492],[-74.006069174999936,4.6688045790000388],[-74.005728731999966,4.669115171000044],[-74.005435972999976,4.6692620030000285],[-74.005386839999971,4.6692886890000409],[-74.005160600999943,4.669400152000037],[-74.004998347999958,4.6694803440000214],[-74.004996235999954,4.6694814030000202],[-74.004813155999955,4.669604348000064],[-74.004745229999969,4.6696639140000684],[-74.004650051999988,4.6698904380000386],[-74.004535837999981,4.6701359990000242],[-74.004408298999977,4.6702654420000727],[-74.004237501999967,4.6704588030000309],[-74.004068118999953,4.6705689130000678],[-74.003988025999945,4.6706595690000654],[-74.00387619199995,4.6708011470000201],[-74.003825032999941,4.6708713410000655],[-74.003757218999965,4.6709177410000393],[-74.003704870999968,4.6709879350000278],[-74.003682265999942,4.6710402830000248],[-74.003609691999941,4.6711378410000748],[-74.003550204999954,4.6712532460000489],[-74.003477631999942,4.6713567510000757],[-74.003349602999947,4.671507580000025],[-74.003349165999964,4.6715080950000356],[-74.003087265999966,4.672234306000064],[-74.003067193999982,4.672292776000063],[-74.003066349999983,4.6722951770000236],[-74.00304638199998,4.6723806640000589],[-74.003045934999989,4.672392961000071],[-74.003045759999964,4.6723977660000742],[-74.003038620999973,4.6726547480000704],[-74.003050616999985,4.6728525320000358],[-74.00302553399996,4.6730140460000484],[-74.002988910999989,4.6731011740000667],[-74.002921808999986,4.6731968280000729],[-74.002894667999954,4.6732304830000544],[-74.002892532999965,4.6732331300000283],[-74.002883706999967,4.6733045200000447],[-74.002822250999941,4.6736954640000477],[-74.002755729999933,4.6740745430000743],[-74.00272247099997,4.6742592790000685],[-74.002683572999956,4.674477348000039],[-74.002632161999941,4.6746284650000689],[-74.002541238999981,4.6749021730000209],[-74.00248223899996,4.6753307590000759],[-74.002482167999972,4.6753337940000392],[-74.002480179999964,4.6754167730000518],[-74.002472711999985,4.6757936740000332],[-74.002651703999959,4.6761253470000383],[-74.002654192999955,4.6761312580000549],[-74.002654808999978,4.6761318300000312],[-74.002677121999966,4.676152519000027],[-74.00267658599995,4.6761836410000228],[-74.002676571999984,4.6761844310000242],[-74.002828989999955,4.6765465650000237],[-74.003083570999934,4.6769064290000415],[-74.003110025999945,4.6769541740000591],[-74.003129587999979,4.676981933000036],[-74.003299015999971,4.6772763130000499],[-74.003341579999983,4.6773714480000308],[-74.003349038999943,4.6773849380000456],[-74.003366062999987,4.6774263250000558],[-74.003432406999934,4.6775746420000246],[-74.003571417999979,4.6779181700000549],[-74.003582627999947,4.6781712060000586],[-74.003590199999962,4.6783178860000589],[-74.003715263999936,4.6787215100000594],[-74.003857448999952,4.6790379900000403],[-74.003898326999945,4.6791227430000504],[-74.004267046999985,4.6796143380000217],[-74.004331156999967,4.6796627910000552],[-74.004358012999944,4.6796681610000519],[-74.004464765999955,4.6796824640000523],[-74.004566239999974,4.6797624770000539],[-74.004645178999965,4.6797798080000348],[-74.004774893999979,4.6798009360000492],[-74.004915817999972,4.6798162230000457],[-74.005012375999968,4.6798381860000404],[-74.005046087999972,4.6798644050000462],[-74.005089697999949,4.6799536970000304],[-74.00510873199994,4.6799989060000371],[-74.005131337999956,4.6800250810000534],[-74.005172977999962,4.680077428000061],[-74.005215808999935,4.6801202590000344],[-74.005250310999941,4.6801599960000431],[-74.005280767999977,4.6801737970000659],[-74.005331211999987,4.6801737970000659],[-74.005395080999961,4.6801900770000202],[-74.005505838999966,4.6802558200000703],[-74.005597810999973,4.6802938210000207],[-74.005716805999953,4.6804099160000305],[-74.00608017199994,4.6807877510000253],[-74.006304056999966,4.68092040800002],[-74.006417070999987,4.6809296720000475],[-74.006556983999985,4.6809439490000386],[-74.006688330999964,4.6809744060000753],[-74.006862506999937,4.6809782140000493],[-74.006990044999952,4.6810362720000285],[-74.007312829999989,4.6812660600000413],[-74.007351307999954,4.681293452000034],[-74.007406820999961,4.681308184000045],[-74.007471457999941,4.681334133000064],[-74.007524281999963,4.6813505510000368],[-74.007565684999975,4.6813691110000377],[-74.007601376999958,4.6813919530000589],[-74.007651344999942,4.6814062300000501],[-74.007706310999936,4.6814283600000408],[-74.007745571999976,4.6814533450000226],[-74.00778840299995,4.6814876080000545],[-74.007853361999935,4.6815321040000413],[-74.007891603999951,4.6815693900000497],[-74.007973524999954,4.6816153860000327],[-74.008041766999952,4.6816454150000482],[-74.008120765999934,4.6816530280000279],[-74.00826578799996,4.6816858480000292],[-74.008388554999954,4.6817027080000457],[-74.008556967999937,4.6817888480000533],[-74.008802052999954,4.6819054420000725],[-74.008949578999989,4.6820267940000235],[-74.009085208999977,4.6820815210000433],[-74.009225818999937,4.6821449490000759],[-74.009358845999941,4.6821529050000663],[-74.009458783999946,4.6821790790000364],[-74.009500067999966,4.6822274780000726],[-74.009559553999964,4.6822893440000257],[-74.009634506999987,4.6823506150000753],[-74.00969149499997,4.6823794310000721],[-74.009755025999937,4.682414503000075],[-74.009825458999956,4.6824601890000395],[-74.009890180999946,4.6824887420000323],[-74.009944549999943,4.6825235690000682],[-74.009997478999935,4.682572399000037],[-74.010042703999943,4.6826088110000228],[-74.010147399999937,4.6826782910000588],[-74.010182614999962,4.6827030370000671],[-74.01026778399995,4.6827408950000518],[-74.010385385999939,4.6828414580000413],[-74.010531306999951,4.6829312820000268],[-74.010653789999935,4.6830156340000713],[-74.010715121999965,4.6830698670000288],[-74.010766693999983,4.6830870790000745],[-74.010817852999935,4.6830910050000512],[-74.010899514999949,4.6831117450000761],[-74.010914815999968,4.6831156320000673],[-74.010972636999952,4.6831774380000297],[-74.011174989999972,4.6833035620000487],[-74.011109061999946,4.6834285170000385],[-74.011063971999988,4.6835139780000645],[-74.011055446999933,4.6836579440000605],[-74.011055075999934,4.68366502300006],[-74.011203444999978,4.6838625620000585],[-74.01123836499994,4.6841858700000216],[-74.011246023999945,4.6842528900000389],[-74.01128635799995,4.6846072730000401],[-74.011291917999984,4.6849768320000749],[-74.011292284999968,4.6849898310000526],[-74.011293663999936,4.6849913980000224],[-74.011297145999947,4.6849953560000586],[-74.011387733999982,4.6850992100000326],[-74.011578262999933,4.6852075500000296],[-74.011647148999941,4.6852571440000474],[-74.011686914999984,4.6853417230000218],[-74.011793431999934,4.6855037180000636],[-74.011878801999956,4.6856892300000368],[-74.011892691999947,4.6858349810000277],[-74.011907634999943,4.6859917710000332],[-74.011880013999985,4.6860740750000218],[-74.01179994599994,4.6861471240000583],[-74.011707145999935,4.6862627660000271],[-74.011630051999987,4.6863398610000218],[-74.011580082999956,4.6863941120000732],[-74.011570089999964,4.6864712070000678],[-74.011551529999963,4.6866396730000588],[-74.011525831999961,4.686782441000048],[-74.011495798999988,4.6869027200000346],[-74.011467084999936,4.6869681190000279],[-74.011415528999976,4.6870197110000618],[-74.011337662999949,4.6870730220000496],[-74.011260509999943,4.6871095340000579],[-74.011241722999955,4.6871329350000224],[-74.011238154999944,4.6871657720000712],[-74.011240295999983,4.6871986080000738],[-74.011290264999957,4.6872942620000231],[-74.011307812999974,4.6874009220000517],[-74.011334942999952,4.6877922650000414],[-74.011311381999974,4.6881956610000657],[-74.01132185299997,4.6885135580000679],[-74.011330774999976,4.6887187860000381],[-74.011344564999945,4.6888635770000633],[-74.011705506999988,4.6885087740000699],[-74.012501235999935,4.6878231600000504],[-74.013122697999961,4.6872821120000481],[-74.014226806999943,4.686445820000074],[-74.01459646099994,4.6861537850000445],[-74.014853978999952,4.6859786690000647],[-74.016112412999973,4.685098794000055],[-74.017659553999977,4.6841703850000727],[-74.017690157999937,4.684151216000032],[-74.017722467999988,4.6841342140000393],[-74.01930447899997,4.6832672170000365],[-74.020665735999955,4.6826360550000459],[-74.020977724999966,4.6824856390000491],[-74.021461084999942,4.6822898170000258],[-74.02268791399996,4.6817682770000602],[-74.023443386999986,4.681498763000036],[-74.024447283999962,4.6811364010000602],[-74.026063503999978,4.6806351700000732],[-74.026248117999955,4.6805765940000583],[-74.026759039999945,4.6804455150000308],[-74.028088997999987,4.6800863920000211],[-74.028563920999943,4.679979539000044],[-74.029962729999966,4.6796532900000329],[-74.030992341999934,4.6794489880000469],[-74.031869949999987,4.679278393000061],[-74.033358230999966,4.6790270780000469],[-74.033806581999954,4.6789546140000766],[-74.035679915999935,4.6786819640000203],[-74.035765903999959,4.6786702700000546],[-74.036297659999946,4.6786014340000293],[-74.037738582999964,4.6784091370000738],[-74.037977829999988,4.6783781440000212],[-74.039718980999965,4.6781614190000482],[-74.040266471999985,4.6780904220000252],[-74.041698099999962,4.6779114730000515],[-74.042561928999987,4.6777908480000292],[-74.043665357999942,4.677640909000047],[-74.044883791999951,4.6774453810000409],[-74.045609834999937,4.6773307490000207],[-74.047255786999983,4.6770127870000238],[-74.047520620999933,4.6769620330000521],[-74.048129844999949,4.6767573240000502],[-74.049302774999944,4.6763697490000595],[-74.049837514999979,4.6762157320000597],[-74.051120615999935,4.6758394920000228],[-74.052451154999972,4.6753632050000533],[-74.052880183999946,4.6752079540000295],[-74.053545794999934,4.6749128230000565],[-74.054580782999949,4.6744739340000478],[-74.055297803999963,4.6741057520000595],[-74.056217720999939,4.6736292740000636],[-74.057107543999962,4.6730682280000337],[-74.057786229999977,4.6726656890000413],[-74.058577509999964,4.6720957270000554],[-74.059287238999957,4.6715847960000474],[-74.05969848999996,4.6712235900000678],[-74.060723794999944,4.6703918910000652],[-74.061731677999944,4.6693789310000398],[-74.062079972999982,4.6690593000000717],[-74.063146827999958,4.6678445990000341],[-74.063363347999939,4.6676001860000724],[-74.063409620999948,4.6675342590000355],[-74.064586662999943,4.6660367000000633],[-74.06477932699994,4.6656895780000696],[-74.065727453999955,4.6643297970000503],[-74.065992555999969,4.663844890000064],[-74.066784895999945,4.6624780480000254],[-74.06702084899996,4.6620001980000438],[-74.067834779999941,4.6606131710000227],[-74.068045328999972,4.6601555040000449],[-74.068850876999988,4.6586895840000579],[-74.069018982999978,4.658310808000067],[-74.069845675999943,4.656728987000065],[-74.069962473999965,4.6564661110000429],[-74.070841616999985,4.6547703870000419],[-74.07091206399997,4.6546214110000506],[-74.071747468999945,4.652898192000066],[-74.071806586999969,4.6527767100000688],[-74.071811372999946,4.6527662850000411],[-74.072659370999986,4.6509320080000407],[-74.072747450999941,4.650703662000069],[-74.073453392999966,4.6490873040000338],[-74.073621737999986,4.6485336560000405],[-74.074139125999977,4.647242598000048],[-74.074372810999989,4.6461495230000764],[-74.074636172999988,4.6453978910000728],[-74.074801739999941,4.6439008300000637],[-74.074835831999962,4.6435531830000514],[-74.074766048999948,4.6431434990000753],[-74.074690651999958,4.6417084730000511],[-74.074355165999975,4.64098754500003],[-74.073806756999943,4.6398637590000362],[-74.073269431999961,4.6391850690000638],[-74.071860225999956,4.6380190370000491],[-74.071829872999956,4.6379975160000413],[-74.071794272999966,4.6379786860000536],[-74.070340073999944,4.6368972800000279],[-74.068858847999934,4.636174297000025],[-74.068679969999948,4.636093021000022],[-74.068562303999954,4.6360510650000606],[-74.067027208999946,4.635276005000037],[-74.065659689999961,4.6346958280000763],[-74.065330438999979,4.6345354730000281],[-74.064907977999951,4.6343295280000234],[-74.063669956999945,4.6337318790000381],[-74.062661296999977,4.6331740890000219],[-74.062052678999976,4.6328532060000498],[-74.061476145999961,4.6324847490000707],[-74.060509926999941,4.6318450210000606],[-74.059173871999974,4.6308023500000672],[-74.059038819999955,4.6307123310000406],[-74.058959417999972,4.6306399770000439],[-74.057672125999943,4.6293981920000533],[-74.057092010999952,4.6287952150000251],[-74.056414387999951,4.627894710000021],[-74.055705896999939,4.6269504640000605],[-74.05528456899998,4.6261689330000308],[-74.054667743999971,4.6251057220000575],[-74.054310681999937,4.6241721770000481],[-74.053906593999955,4.623260986000048],[-74.053527951999968,4.6218432310000708],[-74.05338532199994,4.6214162580000675],[-74.053206908999982,4.6204312360000586],[-74.053055507999943,4.6195715370000698],[-74.053030913999976,4.6190178030000766],[-74.052894331999937,4.6177268210000761],[-74.052896764999957,4.6162025260000519],[-74.052907637999965,4.6158821110000758],[-74.052954806999935,4.6154608660000349],[-74.053051094999944,4.6140374050000332],[-74.053185349999978,4.6130144850000647],[-74.053336113999933,4.6121927040000514],[-74.053689495999947,4.6104948690000356],[-74.053715863999969,4.6103480060000379],[-74.053730793999989,4.6102729040000554],[-74.054153936999967,4.6085033100000601],[-74.054346695999982,4.6076537990000475],[-74.054669072999957,4.6066586150000717],[-74.055081238999946,4.605240914000035],[-74.055237405999947,4.6048139220000621],[-74.055704790999982,4.6033032970000249],[-74.05580606999996,4.6029692290000526],[-74.055833891999953,4.6028595140000448],[-74.056360216999963,4.6011245340000642],[-74.056536037999933,4.6003903350000428],[-74.056845469999985,4.5992798370000401],[-74.057153994999965,4.5977748300000485],[-74.057232345999978,4.5974351360000583],[-74.057330933999935,4.5967879660000222],[-74.057528522999974,4.5955904330000408],[-74.057605124999952,4.5948693610000646],[-74.05772565999996,4.593745727000055],[-74.057801752999978,4.5922804670000232],[-74.057803871999965,4.5922493690000579]]],[[[-74.094405548999987,4.7918796920000659],[-74.094632931999968,4.7924679180000567],[-74.095332857999949,4.7938939430000573],[-74.095643657999972,4.7949080770000592],[-74.09588520899996,4.7956188220000513],[-74.09591047899994,4.7966159880000419],[-74.095894662999967,4.7972527020000371],[-74.095880470999987,4.7987605930000541],[-74.096070370999939,4.7992361650000248],[-74.096418986999936,4.799147069000071],[-74.096815264999975,4.7990456870000457],[-74.09681857399994,4.7990444150000258],[-74.096906221999973,4.7990101700000309],[-74.097728141999937,4.7986844570000358],[-74.097935258999939,4.7986024100000577],[-74.097937792999971,4.7986014230000364],[-74.098721171999955,4.7987082560000545],[-74.099778817999947,4.7989009830000668],[-74.100709393999978,4.7991108590000522],[-74.10130675399995,4.7986236870000312],[-74.101429049999979,4.7983888110000521],[-74.101639700999954,4.7979841240000383],[-74.100964419999968,4.7976689420000298],[-74.099489381999945,4.7967842790000645],[-74.099386103999962,4.7967219160000241],[-74.099310548999938,4.7966633790000515],[-74.097884015999966,4.7956424350000475],[-74.096993175999955,4.7948187470000221],[-74.096484616999987,4.7943845240000655],[-74.095219119999967,4.7929740940000443],[-74.09519015099994,4.7929442790000394],[-74.095030681999958,4.7927268390000677],[-74.094405548999987,4.7918796920000659]]]]},"properties":{"FID":4,"id":2,"conc_pm10":33.459006289999998,"periodo":"Anual","ano":2024,"fecha":null,"gis18_sde_":236923994.32567,"fecha_ini":1704067200000,"fecha_fin":1735603200000,"st_area_sh":0.019294804481299999,"st_perimet":1.54955297877}},{"type":"Feature","id":5,"geometry":{"type":"Polygon","coordinates":[[[-74.008364942999947,4.7330955140000697],[-74.008506128999954,4.7332728290000432],[-74.008996395999986,4.733940437000058],[-74.009701256999961,4.7348853100000383],[-74.010429938999948,4.7357852800000728],[-74.010943371999986,4.736416168000062],[-74.012015993999967,4.7376301350000745],[-74.012217676999967,4.7378911060000632],[-74.013121687999956,4.7389403420000349],[-74.013487275999978,4.7393742300000667],[-74.01359556999995,4.739474987000051],[-74.014865282999949,4.7406690210000306],[-74.015617627999973,4.7413198740000553],[-74.016279510999937,4.7419008930000359],[-74.01765716999995,4.743164757000045],[-74.017669312999942,4.7431752040000674],[-74.017688390999979,4.7431874660000517],[-74.019213477999983,4.7441813420000472],[-74.020320331999983,4.7450096850000705],[-74.020695022999973,4.7452962770000227],[-74.021254788999954,4.7456959460000689],[-74.022188030999985,4.7463913000000275],[-74.022850325999968,4.7468545940000695],[-74.02369658799995,4.7474593160000609],[-74.024897930999941,4.7483377390000214],[-74.025191885999959,4.7485503730000573],[-74.025409735999972,4.7486994950000394],[-74.026726185999962,4.7495736730000431],[-74.028272054999945,4.750544408000053],[-74.028285715999971,4.7505531430000474],[-74.028301112999941,4.7505624310000485],[-74.029848975999982,4.7515261390000205],[-74.031314738999981,4.7523893210000665],[-74.031434265999962,4.7524608640000565],[-74.031555994999962,4.7525293340000303],[-74.033024464999983,4.7533870620000584],[-74.03456964999998,4.7542342340000232],[-74.034638168999948,4.7542724280000357],[-74.034700753999971,4.7543048070000395],[-74.036257395999939,4.7551482030000329],[-74.037733539999977,4.7558856450000349],[-74.037904511999955,4.7559755250000535],[-74.038120308999964,4.7560791500000619],[-74.039562033999971,4.7567847700000243],[-74.040647356999955,4.7572596940000267],[-74.041250059999982,4.7575410190000298],[-74.042184220999957,4.7579240730000265],[-74.042963608999969,4.7582529270000578],[-74.043440631999943,4.758424228000024],[-74.04470441899997,4.7589174720000642],[-74.046108019999963,4.7593699670000547],[-74.046478046999937,4.7595250000000533],[-74.047178296999959,4.7597690140000282],[-74.048221493999961,4.7601849660000539],[-74.048770289999936,4.7603067890000261],[-74.050083461999975,4.7606390070000657],[-74.051196250999965,4.7608329350000531],[-74.052000745999976,4.7609969360000264],[-74.053522169999951,4.7611852170000475],[-74.053976379999938,4.7612534830000754],[-74.055756373999941,4.7613781090000202],[-74.056014320999964,4.7614017650000733],[-74.057906869999954,4.7614255270000285],[-74.058120547999977,4.7614313990000596],[-74.059980862999964,4.7613399980000395],[-74.060304430999963,4.7613260960000616],[-74.06198440299994,4.7611320370000385],[-74.06258059399994,4.7610604440000657],[-74.063922053999988,4.760809575000053],[-74.064971569999955,4.7605952870000579],[-74.065796601999978,4.7603774580000504],[-74.067511787999933,4.759870797000076],[-74.067608869999958,4.7598371150000389],[-74.067780307999953,4.7597696140000494],[-74.069365972999947,4.7592009140000755],[-74.070223454999962,4.7588483840000322],[-74.071066575999964,4.7584665340000356],[-74.072105143999977,4.7579249580000464],[-74.072711918999971,4.75763613700002],[-74.073199030999945,4.7573673710000435],[-74.074309379999988,4.7567225380000764],[-74.07526839999997,4.756080273000066],[-74.075854690999961,4.7557183230000533],[-74.076561120999941,4.7552147060000607],[-74.077355344999944,4.7546365160000619],[-74.077839770999958,4.7542355720000273],[-74.078811904999952,4.7534780940000587],[-74.080046536999987,4.7523908640000627],[-74.080223261999947,4.7522411290000264],[-74.080603441999983,4.7518799750000653],[-74.081596812999976,4.7509384800000589],[-74.081971903999943,4.7505461510000373],[-74.082921601999942,4.7495511060000695],[-74.083686108999984,4.7487014340000542],[-74.084209808999958,4.7481001730000685],[-74.085233946999949,4.7468567150000354],[-74.085453589999986,4.7465720500000543],[-74.086613833999934,4.7450119940000377],[-74.086648976999982,4.7449598450000394],[-74.087098083999933,4.744283719000066],[-74.087788691999947,4.7432509120000645],[-74.087844983999958,4.74316727300004],[-74.088866327999938,4.7414341170000398],[-74.088931897999942,4.7413225520000424],[-74.089880145999985,4.7395064400000706],[-74.089895645999945,4.7394778310000447],[-74.09001940099995,4.7392072290000442],[-74.090742728999942,4.7376331100000471],[-74.090814561999935,4.7374408020000374],[-74.091488285999958,4.7357883910000282],[-74.091668971999979,4.7352361510000378],[-74.092141320999986,4.7339436740000451],[-74.092446687999939,4.7328982430000224],[-74.092712710999933,4.732098957000062],[-74.093156126999986,4.7304417070000682],[-74.093220495999958,4.730254240000022],[-74.093387966999956,4.7296638720000601],[-74.093749721999984,4.7284095240000283],[-74.093842037999934,4.7279442940000536],[-74.094174710999937,4.7265648090000241],[-74.094431362999956,4.725279060000048],[-74.094566635999968,4.7247200950000661],[-74.094825957999944,4.7234753550000619],[-74.094943618999935,4.7228753800000618],[-74.095008616999962,4.7225928570000519],[-74.095367980999981,4.7210306640000681],[-74.095608693999964,4.7199463190000301],[-74.095845965999956,4.7191859460000387],[-74.09625744799996,4.7173843710000369],[-74.096268904999988,4.717341230000045],[-74.096298385999944,4.7172269390000565],[-74.096725621999951,4.7154965120000725],[-74.096897228999978,4.7148068400000511],[-74.09721929799997,4.7136517920000642],[-74.097600303999968,4.7123392960000388],[-74.097769566999943,4.7118070710000666],[-74.098331802999951,4.7100035500000672],[-74.098344120999968,4.7099623490000226],[-74.098348112999986,4.7099494930000674],[-74.098905314999968,4.7081176260000461],[-74.09909386299995,4.7075561210000387],[-74.099539662999973,4.7062729010000339],[-74.099890728999981,4.7052515740000445],[-74.100181497999984,4.7044281730000534],[-74.100686681999946,4.7029454510000619],[-74.100813222999989,4.7025834470000518],[-74.101147257999969,4.7014209670000469],[-74.101346492999937,4.700738723000029],[-74.101413197999989,4.7005186800000729],[-74.101913640999953,4.6988939970000274],[-74.102135426999951,4.6980844680000473],[-74.102427543999966,4.6970492720000721],[-74.102791709999963,4.6955356700000266],[-74.102875087999962,4.6952045500000281],[-74.103026520999947,4.6944653040000617],[-74.103263231999961,4.6933598290000305],[-74.103353001999949,4.6928218190000734],[-74.103585997999971,4.6915151110000579],[-74.103787503999968,4.6898876600000676],[-74.10381672699998,4.6896703960000536],[-74.103846721999957,4.6893501870000591],[-74.104006978999962,4.6878256810000494],[-74.104079823999939,4.6867064390000337],[-74.10413813599996,4.6859809690000702],[-74.104171057999963,4.6850968460000217],[-74.104220858999952,4.6841362590000699],[-74.104238473999942,4.683292950000066],[-74.104250542999978,4.6822915510000485],[-74.104240496999978,4.681286506000049],[-74.104243853999947,4.6804468440000733],[-74.104239270999983,4.6796051630000761],[-74.104248279999979,4.6786021370000412],[-74.104236864999962,4.6776031610000359],[-74.104262791999986,4.6767574290000766],[-74.104249398999968,4.6759335910000459],[-74.104301580999959,4.6749127200000657],[-74.104354355999988,4.6737093040000559],[-74.104397669999969,4.673068009000076],[-74.104326106999963,4.6723777140000493],[-74.104175300999941,4.6712233090000268],[-74.104201189999969,4.6702858480000486],[-74.104248864999988,4.6693785990000265],[-74.104281017999938,4.6686101910000275],[-74.104224257999988,4.6675338920000513],[-74.104290481999953,4.6664409980000414],[-74.104305480999983,4.665689182000051],[-74.104314543999976,4.6649792770000431],[-74.104242040999964,4.6638444750000758],[-74.104172958999982,4.6629555990000426],[-74.104109955999945,4.6619997720000583],[-74.104055433999974,4.660839840000051],[-74.104014384999971,4.6601550680000514],[-74.103957124999965,4.6596410660000629],[-74.10380629499997,4.658310368000059],[-74.103573443999949,4.6566182630000412],[-74.103550805999987,4.6564656690000561],[-74.103502053999989,4.6561890340000218],[-74.103228128999945,4.654620972000032],[-74.103084389999935,4.6537786090000282],[-74.102876254999956,4.6527762760000542],[-74.10250941299995,4.6510882990000368],[-74.102467636999961,4.6509315820000552],[-74.102354252999987,4.6505052480000586],[-74.101994310999942,4.6490868900000351],[-74.101861669999948,4.6485244680000619],[-74.101466118999952,4.6472421990000612],[-74.101144071999954,4.6460820550000221],[-74.100892331999944,4.6453975090000199],[-74.100364181999964,4.6437479170000415],[-74.100285116999942,4.6435528200000249],[-74.100003633999961,4.6427311800000552],[-74.099664495999946,4.6417081310000299],[-74.099584836999952,4.6414128390000542],[-74.09898259299996,4.6398634420000349],[-74.098763184999939,4.6391513010000267],[-74.098306496999953,4.6380187530000399],[-74.097950491999939,4.6368741990000331],[-74.097675484999968,4.636174062000066],[-74.097188169999981,4.6345095590000369],[-74.097124405999978,4.634329368000067],[-74.096993535999957,4.633810947000029],[-74.09665367499997,4.6324846710000429],[-74.096552429999974,4.6319249200000741],[-74.096289259999935,4.6306399710000505],[-74.096075261999943,4.6290646780000202],[-74.095996431999936,4.628795268000033],[-74.096000066999977,4.6283952020000356],[-74.095859538999946,4.6269505620000473],[-74.095800327999939,4.6258529470000553],[-74.095757436999975,4.6251058550000721],[-74.095733699999982,4.6242430360000526],[-74.095707753999989,4.6232611450000718],[-74.095707399999981,4.622324878000029],[-74.095700637999983,4.6214164350000715],[-74.095705572999975,4.620504899000025],[-74.095723698999961,4.6195717240000249],[-74.095754802999977,4.6185529030000225],[-74.095769933999975,4.6177270130000352],[-74.095784047999985,4.6169520190000526],[-74.095826272999943,4.615882301000056],[-74.095865148999962,4.6146715260000519],[-74.095878293999988,4.6140375880000306],[-74.095892915999968,4.6134519640000349],[-74.095959779999987,4.6121928760000515],[-74.096035537999967,4.6106857850000438],[-74.096053559999973,4.6103481620000366],[-74.096054482999989,4.6100434970000492],[-74.096199639999952,4.6085034480000218],[-74.096318261999954,4.6068126650000636],[-74.096315196999967,4.6066587330000743],[-74.096310550999988,4.6065181910000206],[-74.096301602999972,4.6048140220000278],[-74.095929350999938,4.6034911760000341],[-74.095802585999934,4.6029693240000711],[-74.095870501999968,4.6023452390000443],[-74.095934659999955,4.6011246100000562],[-74.09612926899996,4.5994541030000278],[-74.096152766999978,4.5992798930000731],[-74.096174251999969,4.59918387700003],[-74.096417339999959,4.5974351730000649],[-74.096666102999961,4.5963494270000638],[-74.096771325999953,4.5955904530000566],[-74.097123628999952,4.5940361640000447],[-74.097192985999982,4.5937457290000339],[-74.09722880399994,4.5936381140000435],[-74.097630175999939,4.5919010060000574],[-74.09788421899998,4.5910879400000226],[-74.098110003999977,4.5900562790000663],[-74.098541809999972,4.5885415570000418],[-74.098608810999963,4.5882115530000647],[-74.098809629999948,4.5874160010000651],[-74.099085395999964,4.586366827000063],[-74.099197314999969,4.5859915540000316],[-74.09953103099997,4.5845221010000614],[-74.099810118999983,4.5833673460000455],[-74.099940056999969,4.5826773760000492],[-74.100187712999968,4.5813310030000594],[-74.100285970999948,4.5808326520000264],[-74.100329330999955,4.5805804870000202],[-74.100552106999942,4.5789879310000288],[-74.100696486999936,4.5775293670000679],[-74.100726949999967,4.5771432130000562],[-74.100740698999971,4.5766801680000526],[-74.100791978999951,4.5752984990000414],[-74.100761369999987,4.5739529120000384],[-74.100751557999956,4.5734537870000622],[-74.100706930999934,4.5730492330000629],[-74.10056842399996,4.5716090800000302],[-74.10029981699995,4.5700672600000303],[-74.100237055999969,4.569764378000059],[-74.100016831999937,4.5689697030000502],[-74.099740575999988,4.5679196810000349],[-74.099618924999959,4.5675611840000556],[-74.09909664099996,4.5660749870000359],[-74.098782293999989,4.5653258280000273],[-74.098258615999953,4.5642302980000409],[-74.097792689999949,4.5633563830000412],[-74.097187355999949,4.5623856150000393],[-74.096675288999961,4.5616090850000433],[-74.095833357999936,4.560540938000031],[-74.095445917999939,4.5600564250000275],[-74.094124145999956,4.5586962660000268],[-74.094112700999972,4.5586842820000584],[-74.094085657999983,4.5586612460000424],[-74.092699118999974,4.5574518360000411],[-74.091830468999945,4.5568516010000621],[-74.09119071899994,4.5563842100000329],[-74.090385925999954,4.5559202050000636],[-74.089597320999985,4.5554643330000317],[-74.08856639399994,4.5550069450000592],[-74.087917501999982,4.5546946770000432],[-74.087459153999987,4.5545225710000636],[-74.086157466999964,4.5540644510000448],[-74.084884639999984,4.5537371670000653],[-74.084296526999935,4.5536096200000316],[-74.082538157999977,4.5533480900000427],[-74.082334751999952,4.5533300580000287],[-74.080354344999989,4.5532417430000578],[-74.080261158999974,4.5532448500000555],[-74.078297229999976,4.5533556070000714],[-74.078053800999953,4.5533921420000638],[-74.07644279699997,4.5538217580000264],[-74.075488046999965,4.5541623650000247],[-74.074633499999948,4.554366362000053],[-74.072892373999935,4.5549845730000698],[-74.072870697999974,4.5549917830000481],[-74.072837230999937,4.5550070150000579],[-74.071176243999957,4.5557360050000284],[-74.069922910999935,4.5564564440000481],[-74.069575386999986,4.556642919000069],[-74.069264957999962,4.5568516960000238],[-74.068043631999956,4.5576699490000578],[-74.066782443999955,4.558696378000036],[-74.066599135999979,4.5588486550000766],[-74.066166874999965,4.5592954040000677],[-74.065255107999974,4.5602020000000607],[-74.064942464999945,4.5605410620000271],[-74.063970083999948,4.5616579120000438],[-74.063402421999967,4.562385746000075],[-74.06277290099996,4.5632665160000556],[-74.062137609999979,4.5642304340000237],[-74.061667478999937,4.5650346270000455],[-74.061540346999948,4.5652635070000542],[-74.061048785999958,4.5795194060000313],[-74.060996273999933,4.5810423310000488],[-74.057803871999965,4.5922493690000579],[-74.057801752999978,4.5922804670000232],[-74.05772565999996,4.593745727000055],[-74.057605124999952,4.5948693610000646],[-74.057528522999974,4.5955904330000408],[-74.057330933999935,4.5967879660000222],[-74.057232345999978,4.5974351360000583],[-74.057153994999965,4.5977748300000485],[-74.056845469999985,4.5992798370000401],[-74.056536037999933,4.6003903350000428],[-74.056360216999963,4.6011245340000642],[-74.055833891999953,4.6028595140000448],[-74.05580606999996,4.6029692290000526],[-74.055704790999982,4.6033032970000249],[-74.055237405999947,4.6048139220000621],[-74.055081238999946,4.605240914000035],[-74.054669072999957,4.6066586150000717],[-74.054346695999982,4.6076537990000475],[-74.054153936999967,4.6085033100000601],[-74.053730793999989,4.6102729040000554],[-74.053715863999969,4.6103480060000379],[-74.053689495999947,4.6104948690000356],[-74.053336113999933,4.6121927040000514],[-74.053185349999978,4.6130144850000647],[-74.053051094999944,4.6140374050000332],[-74.052954806999935,4.6154608660000349],[-74.052907637999965,4.6158821110000758],[-74.052896764999957,4.6162025260000519],[-74.052894331999937,4.6177268210000761],[-74.053030913999976,4.6190178030000766],[-74.053055507999943,4.6195715370000698],[-74.053206908999982,4.6204312360000586],[-74.05338532199994,4.6214162580000675],[-74.053527951999968,4.6218432310000708],[-74.053906593999955,4.623260986000048],[-74.054310681999937,4.6241721770000481],[-74.054667743999971,4.6251057220000575],[-74.05528456899998,4.6261689330000308],[-74.055705896999939,4.6269504640000605],[-74.056414387999951,4.627894710000021],[-74.057092010999952,4.6287952150000251],[-74.057672125999943,4.6293981920000533],[-74.058959417999972,4.6306399770000439],[-74.059038819999955,4.6307123310000406],[-74.059173871999974,4.6308023500000672],[-74.060509926999941,4.6318450210000606],[-74.061476145999961,4.6324847490000707],[-74.062052678999976,4.6328532060000498],[-74.062661296999977,4.6331740890000219],[-74.063669956999945,4.6337318790000381],[-74.064907977999951,4.6343295280000234],[-74.065330438999979,4.6345354730000281],[-74.065659689999961,4.6346958280000763],[-74.067027208999946,4.635276005000037],[-74.068562303999954,4.6360510650000606],[-74.068679969999948,4.636093021000022],[-74.068858847999934,4.636174297000025],[-74.070340073999944,4.6368972800000279],[-74.071794272999966,4.6379786860000536],[-74.071829872999956,4.6379975160000413],[-74.071860225999956,4.6380190370000491],[-74.073269431999961,4.6391850690000638],[-74.073806756999943,4.6398637590000362],[-74.074355165999975,4.64098754500003],[-74.074690651999958,4.6417084730000511],[-74.074766048999948,4.6431434990000753],[-74.074835831999962,4.6435531830000514],[-74.074801739999941,4.6439008300000637],[-74.074636172999988,4.6453978910000728],[-74.074372810999989,4.6461495230000764],[-74.074139125999977,4.647242598000048],[-74.073621737999986,4.6485336560000405],[-74.073453392999966,4.6490873040000338],[-74.072747450999941,4.650703662000069],[-74.072659370999986,4.6509320080000407],[-74.071811372999946,4.6527662850000411],[-74.071806586999969,4.6527767100000688],[-74.071747468999945,4.652898192000066],[-74.07091206399997,4.6546214110000506],[-74.070841616999985,4.6547703870000419],[-74.069962473999965,4.6564661110000429],[-74.069845675999943,4.656728987000065],[-74.069018982999978,4.658310808000067],[-74.068850876999988,4.6586895840000579],[-74.068045328999972,4.6601555040000449],[-74.067834779999941,4.6606131710000227],[-74.06702084899996,4.6620001980000438],[-74.066784895999945,4.6624780480000254],[-74.065992555999969,4.663844890000064],[-74.065727453999955,4.6643297970000503],[-74.06477932699994,4.6656895780000696],[-74.064586662999943,4.6660367000000633],[-74.063409620999948,4.6675342590000355],[-74.063363347999939,4.6676001860000724],[-74.063146827999958,4.6678445990000341],[-74.062079972999982,4.6690593000000717],[-74.061731677999944,4.6693789310000398],[-74.060723794999944,4.6703918910000652],[-74.05969848999996,4.6712235900000678],[-74.059287238999957,4.6715847960000474],[-74.058577509999964,4.6720957270000554],[-74.057786229999977,4.6726656890000413],[-74.057107543999962,4.6730682280000337],[-74.056217720999939,4.6736292740000636],[-74.055297803999963,4.6741057520000595],[-74.054580782999949,4.6744739340000478],[-74.053545794999934,4.6749128230000565],[-74.052880183999946,4.6752079540000295],[-74.052451154999972,4.6753632050000533],[-74.051120615999935,4.6758394920000228],[-74.049837514999979,4.6762157320000597],[-74.049302774999944,4.6763697490000595],[-74.048129844999949,4.6767573240000502],[-74.047520620999933,4.6769620330000521],[-74.047255786999983,4.6770127870000238],[-74.045609834999937,4.6773307490000207],[-74.044883791999951,4.6774453810000409],[-74.043665357999942,4.677640909000047],[-74.042561928999987,4.6777908480000292],[-74.041698099999962,4.6779114730000515],[-74.040266471999985,4.6780904220000252],[-74.039718980999965,4.6781614190000482],[-74.037977829999988,4.6783781440000212],[-74.037738582999964,4.6784091370000738],[-74.036297659999946,4.6786014340000293],[-74.035765903999959,4.6786702700000546],[-74.035679915999935,4.6786819640000203],[-74.033806581999954,4.6789546140000766],[-74.033358230999966,4.6790270780000469],[-74.031869949999987,4.679278393000061],[-74.030992341999934,4.6794489880000469],[-74.029962729999966,4.6796532900000329],[-74.028563920999943,4.679979539000044],[-74.028088997999987,4.6800863920000211],[-74.026759039999945,4.6804455150000308],[-74.026248117999955,4.6805765940000583],[-74.026063503999978,4.6806351700000732],[-74.024447283999962,4.6811364010000602],[-74.023443386999986,4.681498763000036],[-74.02268791399996,4.6817682770000602],[-74.021461084999942,4.6822898170000258],[-74.020977724999966,4.6824856390000491],[-74.020665735999955,4.6826360550000459],[-74.01930447899997,4.6832672170000365],[-74.017722467999988,4.6841342140000393],[-74.017690157999937,4.684151216000032],[-74.017659553999977,4.6841703850000727],[-74.016112412999973,4.685098794000055],[-74.014853978999952,4.6859786690000647],[-74.01459646099994,4.6861537850000445],[-74.014226806999943,4.686445820000074],[-74.013122697999961,4.6872821120000481],[-74.012501235999935,4.6878231600000504],[-74.011705506999988,4.6885087740000699],[-74.011344564999945,4.6888635770000633],[-74.011348621999957,4.6889061680000736],[-74.011411376999945,4.689089043000024],[-74.011537431999955,4.6892714170000431],[-74.011651169999936,4.6894479730000285],[-74.011790129999952,4.6897301760000687],[-74.011871983999981,4.6898639020000701],[-74.011881977999963,4.6898810340000523],[-74.011908529999971,4.6902525290000199],[-74.011943213999984,4.69055632900006],[-74.011956930999986,4.6906764870000757],[-74.011963891999983,4.6907530670000597],[-74.011964058999979,4.6907549020000374],[-74.012143866999963,4.6912934320000659],[-74.01214485099996,4.6912946000000488],[-74.012267211999983,4.6914398190000384],[-74.012394751999977,4.6915978150000228],[-74.012470304999965,4.6916162430000554],[-74.012516415999983,4.6916424660000757],[-74.012520060999975,4.6917006050000509],[-74.012487311999962,4.6917288050000252],[-74.012440674999937,4.6917364190000512],[-74.01237049599996,4.6917494900000634],[-74.012300596999978,4.6917751070000691],[-74.012244607999946,4.6918097060000719],[-74.012133247999941,4.6918611030000648],[-74.012098983999977,4.6919229690000748],[-74.012054250999938,4.6920371830000249],[-74.011997320999967,4.6921267820000594],[-74.011953956999946,4.6921548470000403],[-74.01193428199997,4.6922005520000312],[-74.011897414999964,4.6924376170000528],[-74.011651470999936,4.6927379180000344],[-74.011503944999959,4.6929006730000538],[-74.011429704999955,4.692989189000059],[-74.011383067999986,4.693041537000056],[-74.011345711999979,4.6931592370000317],[-74.011358321999978,4.6933403970000427],[-74.011363080999956,4.6934898280000539],[-74.011374501999967,4.6937011230000394],[-74.011370693999936,4.6937449060000631],[-74.011352980999959,4.6938258100000212],[-74.011346899999978,4.6938833900000532],[-74.011347289999946,4.6938907370000607],[-74.011396555999966,4.6939721270000518],[-74.011399247999975,4.6939733350000665],[-74.01150679999995,4.693989355000042],[-74.01158008799996,4.6939988740000445],[-74.011623297999961,4.6939893260000645],[-74.011907500999939,4.6940778710000473],[-74.012247287999969,4.6943576970000436],[-74.01246619799997,4.6946441840000261],[-74.012735444999976,4.6947534910000286],[-74.012736981999979,4.6947541150000234],[-74.012808738999979,4.6948007570000527],[-74.013056870999947,4.6948735030000535],[-74.013091251999981,4.6948754960000656],[-74.013287767999941,4.6948868900000207],[-74.013486511999986,4.6949301950000404],[-74.013542766999933,4.6950581770000213],[-74.013574492999965,4.6951783720000435],[-74.013645934999943,4.6952466630000345],[-74.013895778999938,4.6955321990000698],[-74.014005924999935,4.6955926260000638],[-74.01409889699994,4.6956267170000388],[-74.014205106999952,4.6956188120000206],[-74.014296078999962,4.6956656070000236],[-74.014369527999975,4.6957233390000397],[-74.014422508999985,4.6957962660000589],[-74.01444450799994,4.6962401170000589],[-74.014443233999941,4.6964587610000308],[-74.014482493999935,4.6965420420000328],[-74.014550308999958,4.6965765440000382],[-74.014581240999973,4.6966134250000664],[-74.014589569999941,4.6966705330000309],[-74.014588379999964,4.6968454240000597],[-74.01461455499998,4.6969846220000591],[-74.014644680999936,4.6970283210000616],[-74.014679989999934,4.697052435000046],[-74.014758511999958,4.6970840830000498],[-74.014777072999948,4.6971440460000622],[-74.014805354999964,4.6972094720000541],[-74.01482632699998,4.697251834000042],[-74.014809194999941,4.6973010900000531],[-74.014755655999977,4.6973010900000531],[-74.014657860999989,4.6971990100000198],[-74.01460455299997,4.6971812310000587],[-74.014533652999944,4.6971833070000457],[-74.014357195999935,4.6971904380000638],[-74.014319385999954,4.6971919660000481],[-74.014281693999976,4.6971949980000431],[-74.014280670999938,4.6971950800000286],[-74.014299029999961,4.6973161150000351],[-74.014237522999963,4.6980031020000297],[-74.013971297999944,4.6984711950000246],[-74.013969538999959,4.6984743030000686],[-74.013861117999966,4.6986219050000386],[-74.013860659999978,4.6986280140000645],[-74.013860206999937,4.6986340640000321],[-74.013843548999944,4.6986971200000198],[-74.013785513999949,4.6987309200000595],[-74.013784620999957,4.6987315780000358],[-74.013775775999989,4.6987380880000273],[-74.013481626999976,4.6991385380000565],[-74.013474320999933,4.699148181000055],[-74.013469655999984,4.6991600380000591],[-74.013464738999971,4.6991725360000487],[-74.013434876999952,4.6992060980000474],[-74.013431375999971,4.6992100320000532],[-74.013427035999939,4.6992137080000589],[-74.013420425999982,4.6992193070000212],[-74.013173391999942,4.699545325000031],[-74.013132739999946,4.6995999940000388],[-74.013131286999965,4.6996081500000741],[-74.013127331999954,4.6996303440000702],[-74.013101157999984,4.6998397370000475],[-74.013088427999946,4.7000820250000288],[-74.013132447999965,4.7002064710000582],[-74.013160512999946,4.7004392430000621],[-74.013095447999945,4.7004730890000701],[-74.012983136999935,4.7005044990000329],[-74.012900331999958,4.7005558960000258],[-74.012837513999955,4.7005996770000706],[-74.012836146999973,4.7006035040000711],[-74.012963999999954,4.7012856900000202],[-74.012967167999989,4.7012979620000692],[-74.012969557999952,4.7013072190000571],[-74.01313851499998,4.7015465240000367],[-74.013192766999964,4.7019995740000695],[-74.013231068999971,4.702051908000044],[-74.013248294999983,4.7021178110000506],[-74.013208678999945,4.7021677820000605],[-74.013172779999934,4.7022068250000757],[-74.013096828999949,4.702228142000024],[-74.012971833999984,4.702228299000069],[-74.012952884999947,4.702248619000045],[-74.012951052999938,4.7022505830000227],[-74.012929153999949,4.7024632530000758],[-74.012563395999962,4.7033088660000431],[-74.012562409999987,4.7033112670000605],[-74.012094770999965,4.7043141310000465],[-74.012093643999947,4.7043166030000521],[-74.012081950999971,4.704364058000067],[-74.011912592999977,4.7050502000000733],[-74.011911117999944,4.7050656150000236],[-74.011889681999946,4.7052896590000728],[-74.011776641999973,4.7067703730000403],[-74.011732173999974,4.707759554000063],[-74.011651272999984,4.7084781520000547],[-74.011513263999973,4.7090872940000281],[-74.011375255999951,4.7097725790000595],[-74.011096858999963,4.7102222970000298],[-74.010992217999956,4.7103711560000647],[-74.010764922999954,4.7104923660000395],[-74.010706726999956,4.7105490900000291],[-74.010703638999985,4.7105521000000294],[-74.010533557999963,4.7112313730000324],[-74.010534747999941,4.7112391130000333],[-74.010545418999982,4.7113085200000455],[-74.010590096999977,4.7114429180000457],[-74.010665095999968,4.712229758000035],[-74.010725357999945,4.7123926450000226],[-74.01075481099997,4.7125149070000703],[-74.01076194999996,4.7125458400000753],[-74.010729860999959,4.7125936370000545],[-74.010638964999941,4.7126366510000253],[-74.010576923999963,4.7126894720000223],[-74.010480294999979,4.7128870340000617],[-74.010335975999965,4.7130211380000446],[-74.010333581999987,4.7130233630000475],[-74.01030254899996,4.7131746040000735],[-74.010211694999953,4.7136174000000324],[-74.009946022999941,4.714599799000041],[-74.009946070999945,4.7146074280000221],[-74.009946821999961,4.7147263660000363],[-74.009898860999954,4.7147918330000493],[-74.009895849999964,4.7147959430000697],[-74.009831588999987,4.7150747940000315],[-74.009796293999955,4.7152302230000487],[-74.009777637999946,4.7152467430000229],[-74.009582906999981,4.7154234700000757],[-74.009576640999967,4.7154250930000217],[-74.009563828999944,4.7154364600000349],[-74.009553934999985,4.715438936000055],[-74.009554156999968,4.7154445990000227],[-74.009558998999978,4.7155678570000532],[-74.009547578999957,4.7156050310000523],[-74.009508098999959,4.7156477680000535],[-74.009333881999964,4.7157407290000606],[-74.009114171999954,4.7158545800000411],[-74.008844205999935,4.7158245270000521],[-74.008650404999969,4.7158718630000749],[-74.008453871999961,4.715949758000022],[-74.008276609999939,4.7160628590000329],[-74.007967019999967,4.7162243490000719],[-74.007765660999951,4.7163593300000457],[-74.007670150999957,4.7164124430000243],[-74.007560518999981,4.7164052640000591],[-74.007290909999938,4.7163572410000256],[-74.00705891299998,4.7163334470000677],[-74.007055350999963,4.7163354670000217],[-74.007053356999961,4.7163365970000655],[-74.007047011999987,4.7163749310000753],[-74.007050319999962,4.7167302950000476],[-74.007082201999935,4.7168481330000418],[-74.007082998999977,4.7168489030000273],[-74.007100552999987,4.7168658510000228],[-74.007214241999975,4.7169455480000693],[-74.007431801999985,4.717222113000048],[-74.00758979799997,4.7173572660000218],[-74.007932658999948,4.7174519780000423],[-74.008092338999973,4.7175685620000536],[-74.008287995999979,4.717773439000041],[-74.008452704999968,4.7178444700000455],[-74.00860718499996,4.7179931030000262],[-74.008801064999943,4.7181674420000377],[-74.008861334999949,4.7183183170000689],[-74.008894194999982,4.718367052000076],[-74.008978688999946,4.7184068460000503],[-74.009025350999934,4.7184399960000292],[-74.009048907999954,4.7185251340000605],[-74.009077736999984,4.7185792730000458],[-74.009140491999972,4.718605531000037],[-74.009165475999964,4.7186281360000635],[-74.009168781999961,4.7186524540000505],[-74.009147923999933,4.7186767260000693],[-74.009063159999982,4.7186959510000293],[-74.009020858999975,4.7187335840000628],[-74.00896722799996,4.7189139500000579],[-74.008936770999981,4.7190395840000292],[-74.008894892999933,4.7191747380000493],[-74.008797809999976,4.7193955530000267],[-74.008720898999968,4.7195755740000322],[-74.008579533999978,4.7197774170000457],[-74.00847519499996,4.7199233370000684],[-74.008425820999946,4.7200292220000506],[-74.008448424999983,4.7202445640000406],[-74.00844981399996,4.720505213000024],[-74.008437916999981,4.7206789140000751],[-74.008408172999964,4.7209477940000397],[-74.008350915999983,4.7212077380000324],[-74.008348822999949,4.7212172390000546],[-74.008301673999938,4.7218547780000222],[-74.008223667999971,4.7227737000000616],[-74.008224616999939,4.7227788530000225],[-74.008238160999952,4.722852433000071],[-74.008307068999954,4.723319555000046],[-74.00826946899997,4.7241501880000669],[-74.00818140399997,4.724515732000043],[-74.008180960999937,4.7245175700000459],[-74.008245855999974,4.7250456890000692],[-74.007886234999944,4.7268020920000708],[-74.007843875999981,4.7274354100000551],[-74.007809988999952,4.7279359620000605],[-74.007689277999987,4.7289489190000609],[-74.00764621899998,4.7295077470000706],[-74.007647533999943,4.7295103050000762],[-74.007868654999982,4.7299405760000468],[-74.008009970999979,4.7303249720000622],[-74.00803971299996,4.7305272250000598],[-74.008012944999962,4.7306878400000301],[-74.007803286999945,4.7309831680000229],[-74.007612924999989,4.731186583000067],[-74.00761179999995,4.7311877850000315],[-74.007611678999979,4.7312059390000627],[-74.007732881999971,4.7318469070000333],[-74.007733300999973,4.7318473050000307],[-74.007841129999974,4.7319498960000601],[-74.008063693999986,4.7320912980000571],[-74.008295229999987,4.7323066170000629],[-74.008387709999965,4.7324337700000569],[-74.008430195999949,4.7325679230000333],[-74.008388701999934,4.7329056950000563],[-74.008364942999947,4.7330955140000697]]]},"properties":{"FID":5,"id":1,"conc_pm10":27.705502689999999,"periodo":"Anual","ano":2024,"fecha":null,"gis18_sde_":135475742.67515999,"fecha_ini":1704067200000,"fecha_fin":1735603200000,"st_area_sh":0.011033066156899999,"st_perimet":0.55219928353100001}},{"type":"Feature","id":6,"geometry":{"type":"Polygon","coordinates":[[[-74.149189638999985,4.5883953920000522],[-74.14745136199997,4.5886894510000502],[-74.14672976099996,4.5889817280000216],[-74.145743016999972,4.5894097130000659],[-74.144911993999983,4.590053393000062],[-74.144259757999976,4.5905211040000609],[-74.143101585999943,4.5918982730000266],[-74.14300583499994,4.5920310150000319],[-74.142150245999972,4.5937430710000626],[-74.14205749499996,4.5940719410000384],[-74.141676343999961,4.5955878240000629],[-74.141671373999941,4.5970898300000727],[-74.14165270999996,4.5974325360000421],[-74.141696295999964,4.5977320210000698],[-74.141977784999938,4.5992772180000543],[-74.142333095999959,4.6003150070000629],[-74.142718517999981,4.6011218610000242],[-74.143347481999967,4.6022416080000426],[-74.143977509999957,4.6029664550000575],[-74.144606193999948,4.6037434790000589],[-74.145961699999987,4.6048109760000671],[-74.146062025999981,4.6049026840000238],[-74.146222214999966,4.6049976300000708],[-74.147703522999961,4.6057391330000428],[-74.148973307999938,4.6060892040000567],[-74.149557967999954,4.6062053890000243],[-74.151245864999964,4.6063492500000507],[-74.151628479999943,4.6062960250000629],[-74.153192316999935,4.6060426480000274],[-74.154159317999984,4.6055864070000325],[-74.154876399999978,4.6052801550000595],[-74.155443853999941,4.6048100010000326],[-74.156326541999988,4.6041111760000604],[-74.15720040399998,4.6029650960000481],[-74.157520516999966,4.6024970920000214],[-74.158144849999985,4.6011202810000214],[-74.158386151999935,4.6003124990000401],[-74.158606530999975,4.5992755190000594],[-74.158632431999933,4.597810025000058],[-74.15866306199996,4.5974308020000763],[-74.158588169999973,4.5969748260000642],[-74.158375070999966,4.595586125000068],[-74.158144128999936,4.5949687940000672],[-74.157702373999939,4.5937414910000598],[-74.157210755999984,4.5929013240000245],[-74.156538532999946,4.5918969110000489],[-74.156017648999978,4.5912854090000224],[-74.154624308999985,4.5900524090000658],[-74.154610720999983,4.5900412260000394],[-74.154591935999974,4.5900309510000739],[-74.153033966999942,4.5890922890000638],[-74.151686186999939,4.5886705660000757],[-74.15123717299997,4.5885258890000387],[-74.14940222499996,4.5883906060000754],[-74.149189638999985,4.5883953920000522]]]},"properties":{"FID":6,"id":7,"conc_pm10":60.827161580000002,"periodo":"Anual","ano":2024,"fecha":null,"gis18_sde_":2929524.3750517801,"fecha_ini":1704067200000,"fecha_fin":1735603200000,"st_area_sh":0.00023855287365499999,"st_perimet":0.054940221902}}]}